Municipio,Distrito,CodigoPostal,Latitud,Longitud
Las Palmas de Gran Canaria,Las Palmas De Gran Canaria,35001,28.0997,-15.4134
Las Palmas de Gran Canaria,Las Palmas De Gran Canaria,35002,28.0997,-15.4134
Las Palmas de Gran Canaria,Las Palmas De Gran Canaria,35003,28.0997,-15.4134
Las Palmas de Gran Canaria,Las Palmas De Gran Canaria,35004,28.0997,-15.4134
Las Palmas de Gran Canaria,Las Palmas De Gran Canaria,35005,28.0997,-15.4134
Las Palmas de Gran Canaria,Las Palmas De Gran Canaria,35006,28.0997,-15.4134
Las Palmas de Gran Canaria,Las Palmas De Gran Canaria,35007,28.0997,-15.4134
Las Palmas de Gran Canaria,Las Palmas De Gran Canaria,35008,28.0997,-15.4134
Las Palmas de Gran Canaria,Las Palmas De Gran Canaria,35009,28.0997,-15.4134
Las Palmas de Gran Canaria,Las Palmas De Gran Canaria,35010,28.0997,-15.4134
Las Palmas de Gran Canaria,Las Palmas De Gran Canaria,35011,28.0944,-15.4591
Las Palmas de Gran Canaria,Las Palmas De Gran Canaria,35012,28.0944,-15.4591
Las Palmas de Gran Canaria,Las Palmas De Gran Canaria,35013,28.0944,-15.4591
Las Palmas de Gran Canaria,Las Palmas De Gran Canaria,35014,28.0997,-15.4134
Las Palmas de Gran Canaria,La Matula,35015,28.0997,-15.4134
Las Palmas de Gran Canaria,Las Palmas De Gran Canaria,35015,28.0997,-15.4134
Las Palmas de Gran Canaria,Las Palmas De Gran Canaria,35016,28.0944,-15.4591
Las Palmas de Gran Canaria,Las Palmas De Gran Canaria,35017,28.0901,-15.5054
Las Palmas de Gran Canaria,Los Hoyos (Las Palmas De G.C.),35017,28.0997,-15.4134
Las Palmas de Gran Canaria,Monte Luz,35017,28.0901,-15.5054
Las Palmas de Gran Canaria,Montañeta, La (Las Palmas),35017,28.0901,-15.5054
Las Palmas de Gran Canaria,Llanos De Maria Ribera,35017,28.0901,-15.5054
Las Palmas de Gran Canaria,Lomo Blanco (Las Palmas),35017,28.0901,-15.5054
Las Palmas de Gran Canaria,El Sabinal,35017,28.0901,-15.5054
Las Palmas de Gran Canaria,La Calzada,35017,28.0585,-15.4702
Las Palmas de Gran Canaria,Siete Puertas,35017,28.0601,-15.4799
Las Palmas de Gran Canaria,Pico Viento,35017,28.0751,-15.4457
Las Palmas de Gran Canaria,Dragonal Alto,35017,28.0636,-15.4659
Las Palmas de Gran Canaria,Dragonal Bajo,35017,28.0693,-15.4626
Las Palmas de Gran Canaria,Tafira Baja,35017,28.0686,-15.4523
Las Palmas de Gran Canaria,Tamaraceite,35018,28.0997,-15.4735
Las Palmas de Gran Canaria,La Suerte,35018,28.0953,-15.4824
Las Palmas de Gran Canaria,Almatriche Alto,35018,28.0818,-15.4628
Las Palmas de Gran Canaria,Las Perreras,35018,28.1015,-15.462
Las Palmas de Gran Canaria,La Galera,35018,28.1011,-15.4824
Las Palmas de Gran Canaria,El Pintor,35018,28.074,-15.4907
Las Palmas de Gran Canaria,La Milagrosa,35018,28.06,-15.5043
Las Palmas de Gran Canaria,San Lorenzo,35018,28.0752,-15.4761
Las Palmas de Gran Canaria,Almatriche Bajo,35018,28.0911,-15.46
Las Palmas de Gran Canaria,Piletas,35018,28.0928,-15.4865
Las Palmas de Gran Canaria,Cortijo, El (Tamaraceite),35018,28.0989,-15.4722
Las Palmas de Gran Canaria,Frailes, Lomo De Los,35018,28.0936,-15.4586
Las Palmas de Gran Canaria,Las Mesas Altas,35018,28.0936,-15.4586
Las Palmas de Gran Canaria,El Sardo,35018,28.0936,-15.4586
Las Palmas de Gran Canaria,Las Mesas Bajas,35018,28.0936,-15.4586
Las Palmas de Gran Canaria,Hoya Andrea,35018,28.0913,-15.4617
Las Palmas de Gran Canaria,Las Palmas De Gran Canaria,35018,28.0936,-15.4586
Las Palmas de Gran Canaria,Majadillas, Las (Las Palmas De G.C.),35018,28.0997,-15.4134
Las Palmas de Gran Canaria,Las Palmas De Gran Canaria,35019,28.0944,-15.4591
,Las Palmas De Gran Canaria,35070,28.0997,-15.4134
,Las Palmas De Gran Canaria,35071,28.0997,-15.4134
,Las Palmas De Gran Canaria,35080,28.0997,-15.4134
San Bartolomé de Tirajana,Las Meloneras,35100,27.7434,-15.6072
San Bartolomé de Tirajana,Maspalomas,35100,27.7373,-15.5957
San Bartolomé de Tirajana,Campo Internacional,35100,27.7544,-15.5914
San Bartolomé de Tirajana,San Fernando (Maspalomas),35100,27.7596,-15.5969
San Bartolomé de Tirajana,Costa Meloneras (Urbanizacion),35100,27.7576,-15.5841
San Bartolomé de Tirajana,Playa Del Aguila,35100,27.7576,-15.5841
San Bartolomé de Tirajana,Sonneland (Urbanizacion),35100,27.7576,-15.5841
San Bartolomé de Tirajana,Bahia Feliz (Urbanizacion),35100,27.7576,-15.5841
San Bartolomé de Tirajana,Cañon Del Aguila,35100,27.7576,-15.5841
San Bartolomé de Tirajana,Playa Del Ingles,35100,27.7567,-15.5787
San Bartolomé de Tirajana,San Agustin,35100,27.771,-15.5347
San Bartolomé de Tirajana,Pasito Blanco,35106,27.7479,-15.6241
San Bartolomé de Tirajana,Pedrazo Alto,35106,27.7477,-15.6261
San Bartolomé de Tirajana,El Salobre,35106,27.7849,-15.6333
San Bartolomé de Tirajana,Montaña De La Arena,35106,27.7607,-15.6165
San Bartolomé de Tirajana,El Llanillo,35106,27.7607,-15.6165
San Bartolomé de Tirajana,Lomo De Pedro Afonso,35106,27.7607,-15.6165
San Bartolomé de Tirajana,Pedrazo Bajo,35106,27.7607,-15.6165
San Bartolomé de Tirajana,Calderin,35106,27.7607,-15.6165
San Bartolomé de Tirajana,Montaña Blanca (Maspalomas),35106,27.7596,-15.5969
San Bartolomé de Tirajana,Juan Grande,35107,27.8076,-15.4723
San Bartolomé de Tirajana,Castillo Del Romeral,35107,27.7996,-15.4608
San Bartolomé de Tirajana,Tarajalillo (Juan Grande),35107,27.8085,-15.472
San Bartolomé de Tirajana,El Morrete,35107,27.8055,-15.4683
San Bartolomé de Tirajana,Rodeos, Los (San Bartolome De Tirajana),35107,27.8055,-15.4683
San Bartolomé de Tirajana,Berriel,35107,27.8055,-15.4683
San Bartolomé de Tirajana,Florida, La (San Bartolome De Tirajana),35107,27.8055,-15.4683
San Bartolomé de Tirajana,Agadir,35107,27.8055,-15.4683
San Bartolomé de Tirajana,Las Salinas Del Matorral,35107,27.8055,-15.4683
San Bartolomé de Tirajana,Lomo Del Moral,35107,27.8055,-15.4683
San Bartolomé de Tirajana,Matorral, El (San Bartolome De Tirajana),35107,27.8055,-15.4683
San Bartolomé de Tirajana,Cercados, Los (San Bartolome Tirajana),35108,27.8872,-15.5645
San Bartolomé de Tirajana,Fataga,35108,27.8869,-15.5643
San Bartolomé de Tirajana,Los Hortigones,35108,27.8872,-15.5645
San Bartolomé de Tirajana,Arteara,35108,27.8872,-15.5645
San Bartolomé de Tirajana,Los Caserones De Fataga,35108,27.8872,-15.5645
San Bartolomé de Tirajana,La Mimbre,35109,27.7596,-15.5969
San Bartolomé de Tirajana,Media Fanega,35109,27.7596,-15.5969
San Bartolomé de Tirajana,Palmitos Park,35109,27.7596,-15.5969
San Bartolomé de Tirajana,Las Tederas,35109,27.7596,-15.5969
San Bartolomé de Tirajana,Montaña La Data,35109,27.7596,-15.5969
San Bartolomé de Tirajana,Lomo De Perera,35109,27.7596,-15.5969
San Bartolomé de Tirajana,Monte Leon (Urbanizacion),35109,27.7596,-15.5969
San Bartolomé de Tirajana,Palmitos, Los (Maspalomas),35109,27.7596,-15.5969
San Bartolomé de Tirajana,Tablero, El (Maspalomas),35109,27.7596,-15.5969
San Bartolomé de Tirajana,Ayagaures,35109,27.8451,-15.6079
San Bartolomé de Tirajana,Lomo Gordo,35109,27.7802,-15.6018
Santa Lucía de Tirajana,La Vereda,35110,27.8548,-15.4329
Santa Lucía de Tirajana,Casa Pastores,35110,27.8517,-15.4521
Santa Lucía de Tirajana,Vecindario,35110,27.8496,-15.4405
Santa Lucía de Tirajana,San Rafael,35110,27.8455,-15.4424
Santa Lucía de Tirajana,Orilla Baja,35110,27.8461,-15.4649
Santa Lucía de Tirajana,El Doctoral,35110,27.8347,-15.4501
Santa Lucía de Tirajana,La Blanca,35110,27.8525,-15.4614
Santa Lucía de Tirajana,Llanos, Los (Santa Lucia De Tirajana),35110,27.8464,-15.4445
Santa Lucía de Tirajana,Barranquillo De Sardina,35110,27.8464,-15.4445
Santa Lucía de Tirajana,La Cerruda,35110,27.8463,-15.4455
Santa Lucía de Tirajana,Canario, El (Vecindario),35110,27.8464,-15.4445
Santa Lucía de Tirajana,La Paredilla,35110,27.8464,-15.4445
Santa Lucía de Tirajana,San Pedro Martir,35110,27.8464,-15.4445
Santa Lucía de Tirajana,Hoya Pavon,35110,27.8464,-15.4445
Santa Lucía de Tirajana,Cruce De Sardina Del Sur,35110,27.8464,-15.4445
Santa Lucía de Tirajana,Camino La Madera,35110,27.8464,-15.4445
Santa Lucía de Tirajana,La Union,35110,27.8464,-15.4445
Santa Lucía de Tirajana,Balos,35110,27.8464,-15.4445
Santa Lucía de Tirajana,Sardina Del Sur (Vecindario),35110,27.8464,-15.4445
Agüimes,Cruce De Arinaga,35118,27.8766,-15.428
Agüimes,Arinaga,35118,27.8766,-15.428
Agüimes,Goleta, La (Aguimes),35118,27.9054,-15.4461
Agüimes,Rosas, Las (Agüimes),35118,27.9054,-15.4461
Agüimes,Poligono Industrial De Arinaga,35118,27.8939,-15.4388
Agüimes,Montaña De San Francisco,35118,27.8939,-15.4388
Agüimes,Pie De La Cuesta (Agüimes),35118,27.9054,-15.4461
San Bartolomé de Tirajana,Pozo Izquierdo,35119,27.8277,-15.4242
San Bartolomé de Tirajana,Aldea Blanca,35119,27.8417,-15.475
San Bartolomé de Tirajana,Casa Santa,35119,27.8335,-15.4489
San Bartolomé de Tirajana,Barranquillo (Santa Lucia De Tirajana),35119,27.8335,-15.4489
Mogán,Cornisa, La (Urbanizacion),35120,27.7565,-15.6808
Mogán,Cornisa Del Suroeste,35120,27.7565,-15.6808
Mogán,Arguineguin,35120,27.7565,-15.6808
Mogán,Charca, La (Arguineguin),35120,27.7565,-15.6808
San Bartolomé de Tirajana,El Pajar,35128,27.7548,-15.6716
San Bartolomé de Tirajana,El Horno,35128,27.8463,-15.6629
San Bartolomé de Tirajana,Soria,35128,27.9064,-15.6697
San Bartolomé de Tirajana,El Vento,35128,27.9066,-15.6694
San Bartolomé de Tirajana,Lomo Galeon,35128,27.9066,-15.6694
San Bartolomé de Tirajana,Huesa Bermeja,35128,27.9066,-15.6694
San Bartolomé de Tirajana,Barranquillo Andres,35128,27.9066,-15.6694
San Bartolomé de Tirajana,Crucitas, Las (San Bartolome De Tirajana),35128,27.9066,-15.6694
San Bartolomé de Tirajana,Santa Agueda,35128,27.9066,-15.6694
San Bartolomé de Tirajana,Cercados De Espino,35128,27.9066,-15.6694
San Bartolomé de Tirajana,El Caidero,35128,27.9066,-15.6694
San Bartolomé de Tirajana,Las Filipinas,35128,27.9066,-15.6694
San Bartolomé de Tirajana,Chira,35128,27.9066,-15.6694
San Bartolomé de Tirajana,Peñones, Los (Mogan),35128,27.9066,-15.6694
Mogán,Barranco De La Verga,35129,27.7699,-15.6896
Mogán,Caideros, Los (Urbanizacion),35129,27.7699,-15.6896
Mogán,Balito,35129,27.7757,-15.6962
Mogán,Barranco Balito,35129,27.7699,-15.6896
Mogán,Aquamarina,35129,27.7726,-15.6913
Mogán,Los Canarios,35129,27.7687,-15.6841
Mogán,Patalavaca,35129,27.7706,-15.6882
Mogán,El Motor Grande,35130,27.799,-15.6969
Mogán,Chaparral, El (Puerto Rico),35130,27.7894,-15.7104
Mogán,Cortadores De Puerto Rico,35130,27.7894,-15.7104
Mogán,Playa De Amadores,35130,27.7894,-15.7104
Mogán,Puerto Rico,35130,27.7883,-15.7119
Mogán,Platero, El (Urbanizacion),35138,27.8162,-15.7594
Mogán,Mogan, De (Playa),35138,27.8179,-15.7654
Mogán,Taurito,35138,27.8163,-15.7511
Mogán,Playa De Tauro,35138,27.8162,-15.7594
Mogán,Lomo Quiebre,35139,27.8028,-15.7349
Mogán,Mogan (Capital Municipal),35140,27.8099,-15.5637
Mogán,Los Navarros,35140,27.8657,-15.7385
Mogán,La Humbridilla,35149,27.8588,-15.7431
Mogán,Playa De Veneguera,35149,27.8099,-15.5637
Mogán,Tabaibales,35149,27.8099,-15.5637
Mogán,Cercado, El (Mogan),35149,27.8099,-15.5637
Mogán,Casas De Veneguera,35149,27.8099,-15.5637
Mogán,La Rosilla,35149,27.8099,-15.5637
Mogán,Llanos, Los (Mogan),35149,27.8099,-15.5637
Mogán,Molino De Viento (Mogan),35149,27.8099,-15.5637
Mogán,Los Almacigos,35149,27.8099,-15.5637
Mogán,La Umbridilla,35149,27.8099,-15.5637
Mogán,Horno De Teja,35149,27.8099,-15.5637
Mogán,Casas Blancas (Mogan),35149,27.8099,-15.5637
Mogán,Pasitos, Los (Mogan),35149,27.8099,-15.5637
Mogán,Hornillo, El (Mogan),35149,27.8099,-15.5637
Mogán,Las Burrillas,35149,27.8099,-15.5637
Mogán,Casillas, Las (Mogan),35149,27.8099,-15.5637
Mogán,Pie De La Cuesta (Mogan),35149,27.8099,-15.5637
Telde,Telde,35200,27.9924,-15.4192
Telde,San Francisco,35200,28.0024,-15.4165
Telde,San Juan (Telde),35200,27.9924,-15.4192
Telde,San Gregorio (Telde),35200,27.9924,-15.4192
Telde,Telde,35210,27.9924,-15.4192
Telde,Tara,35210,28.0017,-15.4253
Telde,Lomo De La Herradura,35210,27.9924,-15.4192
Telde,San Jose De Las Longueras,35210,27.9924,-15.4192
Telde,Balcon De Telde,35210,27.9924,-15.4192
Telde,Montaña De Las Palmas,35210,27.9924,-15.4192
Telde,Valle De Los Nueve,35211,27.9924,-15.4192
Telde,Lomo-Magullo,35211,27.9924,-15.4192
Telde,La Colomba,35211,27.9924,-15.4192
Telde,Lomo-Bristol,35211,27.9924,-15.4192
Telde,Cazadores,35211,27.9546,-15.5131
Telde,Tecen (Telde),35211,27.9924,-15.4192
Telde,Arenales, Los (Telde),35211,27.9924,-15.4192
Telde,Telde,35211,27.9924,-15.4192
Telde,Telde,35212,27.9883,-15.4506
Telde,San Borondon,35212,27.9883,-15.4506
Telde,La Garita,35212,27.9883,-15.4506
Telde,La Estrella,35212,28.0143,-15.3844
Telde,Marpequeña,35212,28.002,-15.3886
Telde,San Antonio,35213,28.0086,-15.404
Telde,Las Remudas,35213,28.0091,-15.3941
Telde,La Pardilla,35213,28.0158,-15.3906
Telde,Telde,35213,27.9924,-15.4192
Telde,San Isidro (Telde),35213,27.9924,-15.4192
Telde,Majadilla, La (Telde),35213,27.9924,-15.4192
Telde,La Primavera,35213,27.9924,-15.4192
Telde,Playa De Salinetas,35214,27.9891,-15.3979
Telde,Salinetas,35214,27.9891,-15.3979
Telde,Playa De Melenara,35214,27.9891,-15.3979
Telde,Playa De Las Clavellinas,35214,27.9891,-15.3979
Telde,Playa Del Hombre,35214,27.9891,-15.3979
Telde,Telde,35214,27.9924,-15.4192
Telde,Casas Nuevas,35214,27.9922,-15.3906
Telde,Taliarte,35214,27.9893,-15.3724
Telde,Melenara,35214,27.9857,-15.3767
Telde,Jerez (Telde),35215,27.9924,-15.4192
Telde,Lomo Cementerio,35215,27.9924,-15.4192
Telde,Cuatro Puertas,35215,27.9591,-15.4219
Telde,Frailes, Lomo Los (Telde),35215,27.9924,-15.4192
Telde,Telde,35215,27.9924,-15.4192
Telde,El Calero,35215,27.9924,-15.4192
Telde,Lomo Sala,35215,27.9924,-15.4192
Telde,Las Medianias,35215,27.9924,-15.4192
Telde,El Caracol,35215,27.9894,-15.4108
Telde,Jerez,35215,27.9798,-15.4152
Telde,Las Huesas,35215,27.9851,-15.3948
Telde,La Viña,35215,27.991,-15.3981
Telde,Piletillas,35215,27.9543,-15.4248
Valsequillo de Gran Canaria,La Suertecilla,35216,27.9838,-15.5006
Valsequillo de Gran Canaria,Tenteniguada,35216,27.9852,-15.5234
Valsequillo de Gran Canaria,El Almendrillo,35216,27.9841,-15.5283
Valsequillo de Gran Canaria,Casillas, Las (Valsequillo),35216,27.9821,-15.5249
Valsequillo de Gran Canaria,El Montañon,35216,27.9821,-15.5249
Valsequillo de Gran Canaria,Colmenar De Arriba,35216,27.9821,-15.5249
Valsequillo de Gran Canaria,El Troncon,35216,27.9821,-15.5249
Valsequillo de Gran Canaria,La Era De La Mota,35216,27.9821,-15.5249
Valsequillo de Gran Canaria,Pedregal, El (Valsequillo) (Urbanizacion),35216,27.9821,-15.5249
Valsequillo de Gran Canaria,Colmenar De Abajo,35216,27.9821,-15.5249
Valsequillo de Gran Canaria,El Helechal,35216,27.9821,-15.5249
Valsequillo de Gran Canaria,Vegas, Las (Valsequillo),35216,27.9821,-15.5249
Valsequillo de Gran Canaria,Casas Blancas (Valsequillo),35216,27.9821,-15.5249
Valsequillo de Gran Canaria,Rincon, El (Tenteniguada),35216,27.9821,-15.5249
Valsequillo de Gran Canaria,Cuevas Negras,35217,28.0058,-15.4735
Valsequillo de Gran Canaria,Majuelo,35217,27.9932,-15.5022
Valsequillo de Gran Canaria,Los Llanetes,35217,27.991,-15.4789
Valsequillo de Gran Canaria,Luis Verde,35217,27.9922,-15.4845
Valsequillo de Gran Canaria,Los Juagarzos,35217,27.9973,-15.5009
Valsequillo de Gran Canaria,La Cantera,35217,27.9985,-15.4823
Valsequillo de Gran Canaria,La Barrera,35217,27.9957,-15.4714
Valsequillo de Gran Canaria,Las Chozas,35217,28.0013,-15.4843
Valsequillo de Gran Canaria,Casas, Las (Valsequillo),35217,27.9856,-15.4973
Valsequillo de Gran Canaria,Pinos, Los (Valsequillo),35217,27.9856,-15.4973
Valsequillo de Gran Canaria,San Roque (Valsequillo),35217,27.9856,-15.4973
Valsequillo de Gran Canaria,Roque, El (Valsequillo),35217,27.9856,-15.4973
Valsequillo de Gran Canaria,Almendros, Los (Urbanizacion),35217,27.9893,-15.5223
Valsequillo de Gran Canaria,Tecen De Valsequillo,35217,27.9893,-15.5223
Valsequillo de Gran Canaria,Valsequillo (Capital Municipal),35217,27.9893,-15.5223
Valsequillo de Gran Canaria,Lomitos De Correa,35217,27.9893,-15.5223
Valsequillo de Gran Canaria,Valle De San Roque,35217,27.9893,-15.5223
Valsequillo de Gran Canaria,Llanos Del Conde,35217,27.9893,-15.5223
Valsequillo de Gran Canaria,Mirabala,35217,27.9954,-15.493
Telde,Telde,35218,27.9924,-15.4192
Telde,Caserones Bajos,35218,28.0069,-15.4212
Telde,La Higuera Canaria,35218,28.0103,-15.4333
Telde,Cendro,35218,28.0069,-15.4182
Telde,Hoya Aguedita,35218,28.0177,-15.4179
Telde,Solana, La (Telde),35218,27.9924,-15.4192
Telde,Palmital, El (Telde),35218,27.9924,-15.4192
Telde,Garcia Ruiz,35218,27.9924,-15.4192
Telde,Caserones Altos,35218,27.9924,-15.4192
Telde,Goteras, Las (Telde),35218,27.9924,-15.4192
Telde,Valle De Casares,35218,27.9924,-15.4192
Telde,Poligono Salinetas,35219,27.9711,-15.4067
Telde,Playa De Tufia,35219,27.9711,-15.4067
Telde,Ojos De Garza,35219,27.9711,-15.4067
Telde,Playa Ojos De Garza,35219,27.9711,-15.4067
Telde,Poligo Industrial El Goro,35219,27.9711,-15.4067
Telde,Telde,35219,27.9924,-15.4192
Telde,El Goro,35219,27.9591,-15.3983
Telde,Gando,35219,27.9455,-15.3861
Las Palmas de Gran Canaria,Las Palmas De Gran Canaria,35220,28.0129,-15.4179
Las Palmas de Gran Canaria,Hornos Del Rey,35220,28.0129,-15.4179
Las Palmas de Gran Canaria,Telde,35220,27.9924,-15.4192
Las Palmas de Gran Canaria,Lomo Blanco (Jinamar),35220,28.0333,-15.4167
Las Palmas de Gran Canaria,Parque Empresarial Jinamar,35220,28.0129,-15.4179
Las Palmas de Gran Canaria,La Matanza,35220,28.0129,-15.4179
Las Palmas de Gran Canaria,Cruz De La Gallina,35220,28.0129,-15.4179
Las Palmas de Gran Canaria,Valle De Jinamar,35220,28.0129,-15.4179
Las Palmas de Gran Canaria,Santa Margarita (Urbanizacion),35229,28.0378,-15.425
Las Palmas de Gran Canaria,Las Palmas De Gran Canaria,35229,28.0378,-15.425
Las Palmas de Gran Canaria,Marzagan,35229,28.0378,-15.425
Las Palmas de Gran Canaria,Mercalaspalmas,35229,28.0405,-15.4163
Las Palmas de Gran Canaria,Llanos De Cuatro Caminos,35229,28.0378,-15.425
,Aeropuerto De Gran Canaria,35230,27.9936,-15.5125
,Base Aerea De Gando,35230,27.9936,-15.5125
Ingenio,Carrizal, El (Ingenio),35240,27.9209,-15.4406
Ingenio,El Burrero,35240,27.9086,-15.3885
Ingenio,Ingenio (Capital Municipal),35250,27.9209,-15.4406
Ingenio,El Carrion,35250,27.9209,-15.4406
Ingenio,Las Mejias,35250,27.9209,-15.4406
Ingenio,Lomo Del Hospital,35250,27.9209,-15.4406
Ingenio,Sequero, El (Ingenio),35250,27.9209,-15.4406
Ingenio,Roque, El (Ingenio),35259,27.9209,-15.4406
Ingenio,Las Puntillas,35259,27.9219,-15.3962
Ingenio,Marfu,35259,27.9241,-15.408
Ingenio,Las Majoreras,35259,27.919,-15.401
Ingenio,Los Moriscos,35259,27.9391,-15.4082
Ingenio,La Pasadilla,35259,27.9209,-15.4406
Ingenio,Aguatona El Viejo,35259,27.9209,-15.4406
Ingenio,Mondragon,35259,27.9209,-15.4406
Ingenio,Aguatona El Nuevo,35259,27.9209,-15.4406
Agüimes,Barranco De Guayadeque,35260,27.9936,-15.5125
Agüimes,Cueva Bermeja,35260,27.9936,-15.5125
Agüimes,Aguimes (Capital Municipal),35260,27.9936,-15.5125
Agüimes,Llano Blanco,35269,27.9936,-15.5125
Agüimes,Palmillas, Las (Aguimes),35269,27.9936,-15.5125
Agüimes,Oasis,35269,27.9936,-15.5125
Agüimes,Montaña De Los Velez,35269,27.9936,-15.5125
Agüimes,El Eden,35269,27.9936,-15.5125
Agüimes,Las Rosas Viejas,35269,27.9936,-15.5125
Agüimes,Vargas,35269,27.9936,-15.5125
Agüimes,La Banda,35269,27.9084,-15.4166
Agüimes,Temisas,35270,27.9083,-15.5082
San Bartolomé de Tirajana,Los Sitios,35280,27.891,-15.5537
San Bartolomé de Tirajana,El Parralillo,35280,27.9113,-15.5362
San Bartolomé de Tirajana,El Morisco,35280,27.9246,-15.5549
San Bartolomé de Tirajana,El Sitio De Abajo,35280,27.9191,-15.5547
San Bartolomé de Tirajana,Risco Blanco,35280,27.9393,-15.5575
San Bartolomé de Tirajana,Casas Blancas (San Bartolome De Tirajana),35280,27.9191,-15.5547
San Bartolomé de Tirajana,Santa Lucia De Tirajana (Capital Municipal),35280,27.9191,-15.5547
San Bartolomé de Tirajana,Taidia,35280,27.927,-15.5523
San Bartolomé de Tirajana,Ciudad De Lima,35280,27.9191,-15.5547
San Bartolomé de Tirajana,El Sitio De Arriba,35280,27.9191,-15.5547
San Bartolomé de Tirajana,Las Lagunas,35280,27.9191,-15.5547
San Bartolomé de Tirajana,Ingenio, El (Santa Lucia De Tirajana),35280,27.9191,-15.5547
San Bartolomé de Tirajana,La Sorrueda,35280,27.9191,-15.5547
San Bartolomé de Tirajana,Valle, El (Santa Lucia De Tirajana),35280,27.9191,-15.5547
San Bartolomé de Tirajana,Montaña, La (San Bartolome De Tirajana),35280,27.9191,-15.5547
San Bartolomé de Tirajana,Montaña De Rosiana,35280,27.9191,-15.5547
San Bartolomé de Tirajana,Parral Grande,35280,27.9191,-15.5547
San Bartolomé de Tirajana,Rosiana,35280,27.9191,-15.5547
San Bartolomé de Tirajana,Trejo,35280,27.9191,-15.5547
San Bartolomé de Tirajana,El Mundillo,35280,27.9191,-15.5547
San Bartolomé de Tirajana,Lomito De Taidia,35280,27.9191,-15.5547
San Bartolomé de Tirajana,Tunte,35290,28.2231,-16.57
San Bartolomé de Tirajana,San Bartolome De Tirajana (Capital Municipal),35290,28.2231,-16.57
San Bartolomé de Tirajana,Hoya Garcia,35299,28.2231,-16.57
San Bartolomé de Tirajana,Lomo De La Palma,35299,28.2231,-16.57
San Bartolomé de Tirajana,Agualatente,35299,28.2231,-16.57
San Bartolomé de Tirajana,El Canalizo,35299,28.2231,-16.57
San Bartolomé de Tirajana,Sequero, El (San Bartolome Tirajana),35299,28.2231,-16.57
San Bartolomé de Tirajana,Culata, La (S.B.Tirajana),35299,28.2231,-16.57
San Bartolomé de Tirajana,Cercados De Araña,35299,28.2231,-16.57
San Bartolomé de Tirajana,Perera,35299,28.2231,-16.57
San Bartolomé de Tirajana,La Plata,35299,28.3129,-16.39
San Bartolomé de Tirajana,Hoya Grande,35299,28.1333,-16.75
San Bartolomé de Tirajana,Hoya De Tunte,35299,28.2231,-16.57
Santa Brígida,Estanco, El (Santa Brigida),35300,28.032,-15.5043
Santa Brígida,Los Veroles,35300,28.0356,-15.4847
Santa Brígida,Santa Brigida (Capital Municipal),35300,28.032,-15.5043
Santa Brígida,Cuesta De La Grama,35300,28.032,-15.5043
Santa Brígida,San Jose De Las Vegas,35300,28.032,-15.5043
Santa Brígida,El Castaño Alto,35300,28.032,-15.5043
Santa Brígida,Plaza De Doña Luisa,35300,28.032,-15.5043
Santa Brígida,Cruce De La Atalaya (Santa Brigida),35300,28.032,-15.5043
Santa Brígida,Montañeta, La (Santa Brigida),35300,28.032,-15.5043
Santa Brígida,Palmeral, El (Santa Brigida),35300,28.032,-15.5043
Santa Brígida,Alternativa Uno,35300,28.0392,-15.4925
Santa Brígida,Montebravo,35300,28.0392,-15.4834
Santa Brígida,El Castaño Bajo,35300,28.0315,-15.4996
Santa Brígida,Satautejo,35300,28.039,-15.4957
Santa Brígida,El Raso,35307,28.031,-15.4685
Santa Brígida,Las Cordilleras,35307,28.032,-15.5043
Santa Brígida,Arco, El (Santa Brigida),35307,28.032,-15.5043
Santa Brígida,Goteras, Las (Santa Brigida),35307,28.032,-15.5043
Santa Brígida,Vinculo, El (Santa Brigida),35307,28.032,-15.5043
Santa Brígida,Atalaya, La (Santa Brigida),35307,28.032,-15.5043
Santa Brígida,Estanco, El (Atalaya De Santa Brigida),35307,28.032,-15.5043
Santa Brígida,Cuesta La Gramma,35307,28.032,-15.5043
Santa Brígida,Concepcion, La (Urbanizacion),35307,28.032,-15.5043
Santa Brígida,Bandama (Urbanizacion),35307,28.032,-15.5043
Santa Brígida,El Paraiso,35308,28.032,-15.5043
Santa Brígida,Madroñal,35308,28.032,-15.5043
Santa Brígida,Gamonal Bajo,35308,28.032,-15.5043
Santa Brígida,Las Brisas,35308,28.032,-15.5043
Santa Brígida,Gamonal Alto,35308,28.032,-15.5043
Santa Brígida,Gran Parada,35308,28.0225,-15.5108
Santa Brígida,Hoya Bravo,35308,28.0251,-15.509
Santa Brígida,Portada Verde,35308,28.0235,-15.5063
Santa Brígida,Gargujo,35308,28.03,-15.5074
Santa Brígida,Silos, Los (Santa Brigida),35308,28.032,-15.5043
Santa Brígida,Casas, Las (Santa Brigida),35308,28.032,-15.5043
Santa Brígida,Molino, El (Santa Brigida),35308,28.032,-15.5043
Santa Brígida,Lugarejo, El (Santa Brigida),35308,28.032,-15.5043
Santa Brígida,Casillas, Las (Santa Brigida),35308,28.032,-15.5043
Santa Brígida,La Capellania,35309,28.032,-15.5043
Santa Brígida,El Tejar,35309,28.0456,-15.4956
Santa Brígida,El Palmarejo,35309,28.032,-15.5043
Santa Brígida,Cuevas Del Guanche,35309,28.032,-15.5043
Santa Brígida,Lomo Los Ajos,35309,28.032,-15.5043
Santa Brígida,El Santisimo,35309,28.032,-15.5043
Santa Brígida,Los Olivos,35309,28.032,-15.5043
Santa Brígida,Lomo Espino (Santa Brigida),35309,28.032,-15.5043
Santa Brígida,Las Haciendas,35309,28.0391,-15.5133
Santa Brígida,Pino Santo Bajo,35309,28.041,-15.5131
Santa Brígida,La Angostura,35309,28.0486,-15.4879
Santa Brígida,Las Cadenas,35309,28.0365,-15.5009
Santa Brígida,Pino Santo Alto,35309,28.0339,-15.5255
Santa Brígida,Las Meleguinas,35309,28.0431,-15.4984
Santa Brígida,Los Alvarados,35310,28.0425,-15.4788
Santa Brígida,El Colegio,35310,28.0525,-15.4778
Santa Brígida,Monte Lentiscal,35310,28.0489,-15.472
Santa Brígida,Vinco, El (Santa Brigida),35310,28.032,-15.5043
Santa Brígida,Hoya Capa,35310,28.032,-15.5043
Santa Brígida,Lentiscos, Los (Urbanizacion),35310,28.032,-15.5043
Santa Brígida,Cuesta El Reventon,35310,28.032,-15.5043
Santa Brígida,El Mocanal,35310,28.032,-15.5043
Santa Brígida,Reventon, El (Urbanizacion),35310,28.032,-15.5043
Santa Brígida,Los Toscones,35310,28.032,-15.5043
Santa Brígida,Bebedero, El (Monte Lentiscal),35310,28.032,-15.5043
,Caldera De Bandama,35319,28.032,-15.5043
,Fuente De Los Berros,35319,28.032,-15.5043
,Montañeta, La (Monte Lentiscal),35319,28.032,-15.5043
,Las Arenillas,35319,28.0341,-15.4699
,Bandama,35319,28.0355,-15.4603
Vega de San Mateo,El Solis,35320,28.0089,-15.5333
Vega de San Mateo,San Mateo,35320,28.0089,-15.5333
Vega de San Mateo,Vega De San Mateo,35320,28.0089,-15.5333
Vega de San Mateo,Corte, La (San Mateo),35328,28.0089,-15.5333
Vega de San Mateo,Estanco, El (San Mateo),35328,28.0089,-15.5333
Vega de San Mateo,San Francisco (San Mateo),35328,28.0089,-15.5333
Vega de San Mateo,Vegas, Las (San Mateo),35328,28.0089,-15.5333
Vega de San Mateo,Risco Prieto (San Mateo),35328,28.0089,-15.5333
Vega de San Mateo,Corraletes,35328,28.0296,-15.5396
Vega de San Mateo,El Gallego,35328,28.0316,-15.5466
Vega de San Mateo,Galas,35328,28.0156,-15.5802
Vega de San Mateo,Utiaca,35328,28.02,-15.552
Vega de San Mateo,Lomo Carbonero,35328,28.0258,-15.5449
Vega de San Mateo,Pajaritos,35328,28.017,-15.5726
Vega de San Mateo,La Solana,35328,28.0261,-15.5399
Vega de San Mateo,El Portillo,35328,28.0034,-15.5733
Vega de San Mateo,El Piquillo,35328,28.0339,-15.5366
Vega de San Mateo,La Sequera,35328,28.0238,-15.5662
Vega de San Mateo,Las Lagunetas,35328,28.0048,-15.5759
Vega de San Mateo,Cruz De Tejeda,35328,28.0081,-15.5393
Vega de San Mateo,Las Pitas,35328,28.0081,-15.5393
Vega de San Mateo,Casa Quemada,35328,28.0081,-15.5393
Vega de San Mateo,Cruz Del Herrero,35328,28.0081,-15.5393
Vega de San Mateo,Ariñez,35328,28.0081,-15.5393
Vega de San Mateo,La Yedra,35328,28.0081,-15.5393
Vega de San Mateo,Hoya De Los Ajos,35328,28.0081,-15.5393
Vega de San Mateo,El Lomito,35328,28.0056,-15.5775
Vega de San Mateo,Solana, La (San Mateo),35328,28.0089,-15.5333
Vega de San Mateo,El Vincol,35328,28.0045,-15.5788
Vega de San Mateo,Cruz Del Saucillo,35329,27.9914,-15.5681
Vega de San Mateo,Cuevas, Las (San Mateo),35329,27.9914,-15.5681
Vega de San Mateo,Hoya Del Gamonal,35329,27.9914,-15.5681
Vega de San Mateo,Calero, El (San Mateo),35329,27.9914,-15.5681
Vega de San Mateo,Meson, El (San Mateo),35329,27.9914,-15.5681
Vega de San Mateo,Hornillo, El (San Mateo),35329,27.9914,-15.5681
Vega de San Mateo,Casa De La Cal,35329,27.9914,-15.5681
Vega de San Mateo,Lechucilla,35329,27.9914,-15.5681
Vega de San Mateo,Chorrillo, El (San Mateo),35329,27.9914,-15.5681
Vega de San Mateo,Lomo Los Ingleses,35329,27.9914,-15.5681
Vega de San Mateo,Longueras, Las (San Mateo),35329,27.9914,-15.5681
Vega de San Mateo,Asomada, La (San Mateo),35329,27.9914,-15.5681
Vega de San Mateo,Hoya Viciosa,35329,28.0066,-15.5349
Vega de San Mateo,Lomo Aljorradero,35329,27.9995,-15.5544
Vega de San Mateo,Camaretas,35329,27.9876,-15.5615
Vega de San Mateo,La Higuera,35329,28.0048,-15.5342
Vega de San Mateo,Lomo Caballo,35329,28.0147,-15.5345
Vega de San Mateo,La Lechuza,35329,28.0036,-15.5531
Vega de San Mateo,La Bodeguilla,35329,28.0105,-15.521
Vega de San Mateo,Hoya Navarra,35329,27.999,-15.5505
Vega de San Mateo,Los Chorros,35329,28.0074,-15.5424
Vega de San Mateo,Cueva Grande,35329,27.99,-15.5693
Vega de San Mateo,La Veguetilla,35329,28.0145,-15.5267
Vega de San Mateo,El Arenal,35329,28.0023,-15.5513
Vega de San Mateo,Cuatro Caminos,35329,28.0038,-15.5393
Vega de San Mateo,Acequia Marrero,35329,28.0115,-15.5266
Teror,El Chorrito,35330,28.0575,-15.5497
Teror,Muñigal,35330,28.0556,-15.5421
Teror,El Secuestro,35330,28.0648,-15.553
Teror,Mujica,35330,28.0651,-15.5287
Teror,Lomo Cobo,35330,28.0735,-15.5212
Teror,Llanos De Arevalo,35330,28.0606,-15.5491
Teror,Hornillo, El (Teror),35330,28.0606,-15.5491
Teror,Teror (Capital Municipal),35330,28.0606,-15.5491
Teror,Lomo, El (Teror),35330,28.0606,-15.5491
Teror,Barrio Del Pino (Teror),35330,28.0606,-15.5491
Teror,Hoyo, El (Teror),35330,28.0606,-15.5491
Teror,Rincon, El (Teror),35330,28.0606,-15.5491
Teror,Buenavista (Teror),35330,28.0606,-15.5491
Teror,Arbejales,35333,28.0606,-15.5491
Teror,Lomo Pilon,35338,28.0606,-15.5491
Teror,Lomo Del Gallego,35338,28.0606,-15.5491
Teror,Espartero,35338,28.0606,-15.5491
Teror,Lo Blanco,35338,28.0699,-15.5177
Teror,Ojero,35338,28.0447,-15.5549
Teror,Miraflor,35338,28.0678,-15.5242
Teror,Corrales Los (Teror),35338,28.0606,-15.5491
Teror,San Isidro (Teror),35338,28.0606,-15.5491
Teror,Barranco Zapatero,35338,28.0606,-15.5491
Teror,El Faro,35338,28.0446,-15.5402
Teror,Toscas, Las (Teror),35338,28.0606,-15.5491
Teror,El Pedregal,35339,28.0606,-15.5491
Teror,Las Paredes,35339,28.0796,-15.5415
Teror,Peña, La (Teror),35339,28.0606,-15.5491
Teror,San Matias,35339,28.0606,-15.5491
Teror,Siete Puertas (Teror),35339,28.0606,-15.5491
Teror,El Palmar,35339,28.0606,-15.5491
Teror,El Escobonal,35339,28.0606,-15.5491
Teror,El Alamo,35339,28.0606,-15.5491
Teror,Huertas Del Palmar,35339,28.0606,-15.5491
Teror,Barranco Del Pino (Barranco),35339,28.0606,-15.5491
Teror,Cuesta Falcon,35339,28.0606,-15.5491
Teror,Las Rosadas,35339,28.0606,-15.5491
Teror,Guanchia,35339,28.0606,-15.5491
Teror,Las Peñas,35339,28.0559,-15.5526
Teror,Los Llanos,35339,28.0601,-15.5543
Teror,Quebradero,35339,28.05,-15.5468
Valleseco,Madrelagua,35340,28.0355,-15.5696
Valleseco,Valleseco (Capital Municipal),35340,28.0658,-15.5707
Valleseco,Lanzarote (Valleseco),35340,28.0658,-15.5707
Valleseco,Las Troyanas,35349,28.0658,-15.5707
Valleseco,Zumacal (Valleseco),35349,28.0658,-15.5707
Valleseco,Caseron,35349,28.0658,-15.5707
Valleseco,Zamora,35349,28.0658,-15.5707
Valleseco,Barranco,35349,28.0658,-15.5707
Valleseco,Laguna, La (Valleseco),35349,28.0658,-15.5707
Valleseco,Carpinteras,35349,28.0658,-15.5707
Valleseco,Barranquillo (Valleseco),35349,28.0658,-15.5707
Valleseco,Monagas,35349,28.0651,-15.5708
Valleseco,Valsendero,35349,28.0508,-15.5895
Artenara,Candelaria,35350,28.0103,-15.6828
Artenara,Coruña,35350,28.0326,-15.6652
Artenara,Lugarejos,35350,28.0436,-15.6701
Artenara,Cuevas, Las (Artenara),35350,28.0321,-15.659
Artenara,Acusa Verde,35350,28.0043,-15.6908
Artenara,Artenara,35350,28.02,-15.6464
Tejeda,Tejeda (Capital Municipal),35360,27.989,-15.6275
Tejeda,Carrizal De Tejeda,35368,27.9893,-15.6282
Tejeda,Pagos De Casas Juan Gomez,35368,27.9893,-15.6282
Tejeda,Casa Forestal Pajonales,35368,27.9893,-15.6282
Tejeda,El Espinillo,35368,27.985,-15.6473
Tejeda,El Juncal,35368,27.9581,-15.6442
Tejeda,Toscon, El (Tejeda),35368,27.9951,-15.6154
Tejeda,Solana, La (Tejeda),35368,27.9951,-15.6154
Tejeda,Chorrillo, El (Tejeda),35368,27.9951,-15.6154
Tejeda,Higuerilla,35368,27.9982,-15.6515
Tejeda,Roque, El (Tejeda),35368,27.9951,-15.6154
Tejeda,Culata, La (Tejeda),35368,27.9951,-15.6154
Antigua,El Majuelo,35369,28.0042,-15.6172
Antigua,Ayacata,35369,27.9579,-15.6086
Antigua,Cuevas Caidas,35369,27.9906,-15.5987
Antigua,Timagada,35369,27.9715,-15.6269
Antigua,Lomo De Los Santos,35369,27.9877,-15.6246
Antigua,Crucitas, Las (Tejeda),35369,27.9877,-15.6246
Antigua,La Umbria,35369,27.9877,-15.6246
Antigua,Rincon, El (Tejeda),35369,27.9877,-15.6246
Antigua,Degollada, La (Tejeda),35369,27.9877,-15.6246
Antigua,Casas De Huertas,35369,27.9877,-15.6246
Antigua,Risco La Candelilla,35369,27.9877,-15.6246
Antigua,La Candelilla,35369,27.9877,-15.6246
Antigua,Casas Del Lomo,35369,27.9877,-15.6246
Arucas,Arucas (Capital Municipal),35400,28.1198,-15.5233
Arucas,Hoya De San Juan,35400,28.1198,-15.5233
Arucas,Montaña De Arucas,35400,28.1198,-15.5233
Arucas,El Hornillo Alto,35400,28.1198,-15.5233
Arucas,Camino De La Cruz Alto,35400,28.1198,-15.5233
Arucas,La Fula,35400,28.1225,-15.5366
Arucas,Terrero, El (Arucas),35400,28.1198,-15.5233
Arucas,Goleta, La (Arucas),35400,28.1198,-15.5233
Arucas,Lomo De San Pedro (Arucas),35400,28.1198,-15.5233
Arucas,Montañeta, La (Arucas),35400,28.1198,-15.5233
Arucas,El Cerrillo,35400,28.1187,-15.5317
Arucas,El Matadero,35400,28.117,-15.5313
Arucas,El Angostillo,35400,28.1111,-15.5429
Arucas,La Guitarrilla,35411,28.1051,-15.5108
Arucas,Lomo Grande,35411,28.1097,-15.5042
Arucas,Santidad Alta,35411,28.0994,-15.5118
Arucas,Santidad Baja,35411,28.1089,-15.5096
Arucas,Las Palmeras,35411,28.1147,-15.5102
Arucas,San Francisco Javier,35411,28.1071,-15.5031
Arucas,San Gregorio (Arucas),35411,28.1001,-15.5118
Arucas,Hoya De Ariñez,35411,28.1001,-15.5118
Arucas,Lomo De Arucas,35411,28.1001,-15.5118
Arucas,Lomo, El (Santidad),35411,28.1001,-15.5118
Arucas,San Francisco Javier (Urbanizacion),35411,28.1001,-15.5118
Arucas,El Puente De Arucas,35411,28.1001,-15.5118
Arucas,Barriada De Juan Xxiii,35411,28.1001,-15.5118
Arucas,Barreto,35411,28.1093,-15.5203
Arucas,Los Castillos,35412,28.0914,-15.5371
Arucas,Los Portales,35412,28.0953,-15.5342
Arucas,La Pedrera,35412,28.0859,-15.5374
Arucas,Los Altabacales,35412,28.0947,-15.5466
Arucas,Santa Flora,35412,28.101,-15.5298
Arucas,Visvique,35412,28.1077,-15.5269
Arucas,Solana, La (Arucas),35412,28.1449,-15.5679
Arucas,Arco, El (Arucas),35412,28.1449,-15.5679
Arucas,El Picacho,35412,28.1449,-15.5679
Arucas,Peñones, Los (Arucas),35412,28.1449,-15.5679
Arucas,Mirador De Los Portales,35412,28.1449,-15.5679
Arucas,Fuente Del Laurel,35412,28.1449,-15.5679
Arucas,Barrio Virgen Del Pino,35412,28.1449,-15.5679
Arucas,Camino Del Arco,35412,28.1449,-15.5679
Arucas,Lomo Ramirez,35413,28.1217,-15.5226
Arucas,Hinojal,35413,28.1217,-15.5226
Arucas,Las Hoyas Del Cardonal,35413,28.1217,-15.5226
Arucas,La Palmita,35413,28.1217,-15.5226
Arucas,Costa,35413,28.1217,-15.5226
Arucas,Cruz De Pineda,35413,28.1217,-15.5226
Arucas,Camino De La Cruz Bajo,35413,28.1217,-15.5226
Arucas,El Carril,35413,28.1217,-15.5226
Arucas,Tres Barrios,35413,28.1217,-15.5226
Arucas,El Hornillo Bajo,35413,28.1258,-15.5129
Arucas,El Guincho,35413,28.1441,-15.5122
Arucas,La Hondura,35413,28.1495,-15.5226
Arucas,Trasmontaña,35413,28.134,-15.5177
Arucas,Los Palmitos,35413,28.1319,-15.5396
Arucas,Los Castillejos,35413,28.1263,-15.518
Arucas,Las Chorreras,35413,28.1287,-15.5216
Arucas,Tanasio,35413,28.1496,-15.5262
Arucas,Lomito, El (Arucas),35413,28.1198,-15.5233
Arucas,Hoyas, Las (Arucas),35413,28.1198,-15.5233
Arucas,Tinocas (Arucas),35413,28.1198,-15.5233
Arucas,Trapiche (Arucas),35413,28.1198,-15.5233
Arucas,Lomo De Quintanilla (Arucas),35413,28.1198,-15.5233
Arucas,Llano Blanco (Arucas),35413,28.1198,-15.5233
Arucas,Cardonal (Arucas),35413,28.1198,-15.5233
Arucas,Escaleritas (Arucas),35414,28.1198,-15.5233
Arucas,San Andres,35414,28.5,-16.1833
Arucas,Roque, El (Arucas),35414,28.1198,-15.5233
Arucas,Risco, El (Arucas),35414,28.1198,-15.5233
Arucas,Pagador,35414,28.201,-15.6696
Arucas,El Tarahal,35414,28.201,-15.6696
Arucas,Altillo,35414,28.201,-15.6696
Arucas,El Peñon,35414,28.201,-15.6696
Arucas,San Felipe,35414,28.1452,-15.5935
Arucas,Bañaderos,35414,28.1463,-15.5344
Arucas,Quintanilla,35414,28.1461,-15.5477
Arucas,El Puertillo,35414,28.1495,-15.5331
Arucas,La Cuestilla,35414,28.1465,-15.529
Arucas,Cardones,35415,28.1299,-15.5094
Arucas,El Perdigon,35415,28.1198,-15.5233
Arucas,Montaña, La (Cardones),35415,28.1198,-15.5233
Arucas,Montaña Cardones,35415,28.1198,-15.5233
Arucas,Lomo Espino (Arucas),35415,28.1198,-15.5233
Arucas,Dehesa, La (Arucas),35415,28.1198,-15.5233
Gáldar,Moya,35420,28.1097,-15.5834
Moya,Barranco Del Pinar (Moya),35421,28.1014,-15.5892
Moya,Lomo Del Peñon,35421,28.0924,-15.5928
Moya,Fontanales,35421,28.058,-15.6076
Moya,San Bartolome De Fontanales,35421,28.0924,-15.5928
Moya,San Fernando (Moya),35421,28.1014,-15.5892
Moya,Tablero, El (Moya),35421,28.1014,-15.5892
Moya,Juarada, La (Moya),35421,28.1014,-15.5892
Moya,Los Tiles,35421,28.0924,-15.5928
Moya,Barranco Del Laurel,35421,28.0924,-15.5928
Moya,Hoyas Del Cavadero,35421,28.0924,-15.5928
Moya,Corvo,35421,28.0712,-15.5926
Moya,El Brecito,35422,28.1132,-15.5801
Moya,Cabo Verde,35422,28.1354,-15.587
Moya,La Cordillera,35422,28.1383,-15.5865
Moya,Palmito, El (Moya),35422,28.1375,-15.5845
Moya,Fronton, El (Moya),35422,28.1375,-15.5845
Moya,Trujillo (Moya),35422,28.1375,-15.5845
Moya,Los Toscales,35422,28.1375,-15.5845
Moya,El Moreto,35422,28.1375,-15.5845
Moya,Las Carreras,35422,28.1375,-15.5845
Moya,Carreteria,35423,28.1014,-15.5892
Moya,El Palo,35423,28.1014,-15.5892
Moya,El Lance,35423,28.1014,-15.5892
Moya,Dragos, Los (Moya),35423,28.1014,-15.5892
Moya,Lomo Blanco (Moya),35423,28.1014,-15.5892
Moya,Doramas (Moya),35423,28.1014,-15.5892
Firgas,Firgas (Capital Municipal),35430,28.1093,-15.5623
Firgas,Barranco De Las Madres,35431,28.1121,-15.5615
Firgas,San Anton,35431,28.1121,-15.5615
Firgas,Las Pellas,35431,28.0903,-15.5617
Firgas,Casablanca,35431,28.1289,-15.557
Firgas,Buenlugar,35431,28.1183,-15.5603
Firgas,Palmilla, La (Firgas),35431,28.1071,-15.563
Firgas,Itara,35431,28.1223,-15.558
Firgas,Zumacal, El (Firgas),35431,28.1071,-15.563
Firgas,Lomito, El (Firgas),35431,28.1071,-15.563
Firgas,Cruz, La (Firgas),35432,28.1071,-15.563
Firgas,Caldera, La (Firgas),35432,28.1071,-15.563
Firgas,Risco, El (Firgas),35432,28.1071,-15.563
Firgas,Lomo Quintanilla (Firgas),35432,28.1071,-15.563
Firgas,Los Menores,35432,28.1168,-15.5545
Firgas,Trapiche (Firgas),35432,28.1071,-15.563
Firgas,Cambalud,35432,28.1281,-15.5461
Firgas,Padilla,35432,28.1084,-15.553
Firgas,El Cortijo,35432,28.1213,-15.552
Firgas,Los Rosales,35432,28.1148,-15.553
Firgas,Los Dolores,35432,28.1302,-15.5488
Firgas,Los Barranquillos,35432,28.0997,-15.5564
Santa María de Guía de Gran Canaria,Santa Maria De Guia (Capital Municipal),35450,28.1397,-15.6329
Santa María de Guía de Gran Canaria,La Atalaya De Guia,35450,28.1397,-15.6329
Santa María de Guía de Gran Canaria,Becerril De Guia,35450,28.1397,-15.6329
Santa María de Guía de Gran Canaria,Marente (Urbanizacion),35450,28.1397,-15.6329
Santa María de Guía de Gran Canaria,Guia,35450,28.1397,-15.6329
Santa María de Guía de Gran Canaria,Cercados De Merino,35450,28.1397,-15.6329
Santa María de Guía de Gran Canaria,Calvario, El (Santa Maria De Guia),35450,28.1397,-15.6329
Santa María de Guía de Gran Canaria,Marente,35457,28.1092,-15.6083
Santa María de Guía de Gran Canaria,Barranquillo Frio,35457,28.1092,-15.6083
Santa María de Guía de Gran Canaria,Montaña Alta (Santa Maria De Guia),35457,28.1092,-15.6083
Santa María de Guía de Gran Canaria,Ingenio Blanco,35457,28.1092,-15.6083
Santa María de Guía de Gran Canaria,Tres Cruces (Santa Ma De Guia),35457,28.1092,-15.6083
Santa María de Guía de Gran Canaria,Cuesta De Caraballo,35457,28.1092,-15.6083
Santa María de Guía de Gran Canaria,Caserio De Marente,35457,28.1092,-15.6083
Santa María de Guía de Gran Canaria,Verdejo,35457,28.1092,-15.6083
Santa María de Guía de Gran Canaria,Lomo Betancor,35457,28.1092,-15.6083
Santa María de Guía de Gran Canaria,Santa Cristina,35457,28.0992,-15.6025
Santa María de Guía de Gran Canaria,Junquillo,35457,28.1092,-15.6083
Santa María de Guía de Gran Canaria,Barranco Del Pinar (Santa Maria De Guia),35457,28.1092,-15.6083
Santa María de Guía de Gran Canaria,Paso Maria De Los Santos,35457,28.1092,-15.6083
Santa María de Guía de Gran Canaria,Hoya Del Predegal (Santa Maria De Guia),35457,28.1092,-15.6083
Santa María de Guía de Gran Canaria,Bascamao,35457,28.0943,-15.6294
Santa María de Guía de Gran Canaria,San Juan (S.M.Guia),35458,28.1072,-15.5962
Santa María de Guía de Gran Canaria,San Blas,35458,28.1072,-15.5962
Santa María de Guía de Gran Canaria,Lomo Los Martines,35458,28.1072,-15.5962
Santa María de Guía de Gran Canaria,Albercon De La Virgen,35458,28.1072,-15.5962
Santa María de Guía de Gran Canaria,Palmital, El (Carretera),35458,28.1072,-15.5962
Santa María de Guía de Gran Canaria,Casas De Aguilar,35458,28.1072,-15.5962
Santa María de Guía de Gran Canaria,Suerte, La (S.M. Guia),35458,28.1072,-15.5962
Santa María de Guía de Gran Canaria,Lomo De Las Azucenas,35458,28.1072,-15.5962
Santa María de Guía de Gran Canaria,Tres Palmas (Santa Maria De Guia),35458,28.1027,-15.5954
Santa María de Guía de Gran Canaria,Barranco Hondo (Santa Maria De Guia),35458,28.1027,-15.5954
Santa María de Guía de Gran Canaria,Vergara,35458,28.116,-15.5978
Santa María de Guía de Gran Canaria,Mondragones,35458,28.1188,-15.5996
Santa María de Guía de Gran Canaria,La Dehesa,35458,28.1257,-15.6149
Santa María de Guía de Gran Canaria,El Calabozo,35458,28.1197,-15.6148
Santa María de Guía de Gran Canaria,Desaguaderos,35458,28.1137,-15.5928
Santa María de Guía de Gran Canaria,Farailaga,35458,28.1288,-15.5954
Santa María de Guía de Gran Canaria,Doñana,35458,28.1341,-15.6152
,Las Boticarias,35459,28.13,-15.6296
,Cañada, La (Santa Maria De Guia),35459,28.0845,-15.6199
,Montaña De Guia,35459,28.0845,-15.6199
,Llanos De Parra,35459,28.0845,-15.6199
,Anzo,35459,28.131,-15.6414
Gáldar,Galdar (Capital Municipal),35460,28.1066,-15.5999
Gáldar,Inciensal,35468,28.1066,-15.5999
Gáldar,Trujillo (Galdar),35468,28.1066,-15.5999
Gáldar,Barranco Hondo De Arriba,35468,28.1066,-15.5999
Gáldar,Tegueste (Galdar),35468,28.1066,-15.5999
Gáldar,Cardonal (Agaete),35468,28.1066,-15.5999
Gáldar,Las Calderas,35468,28.1066,-15.5999
Gáldar,Lomo Del Palo,35468,28.1066,-15.5999
Gáldar,Montañeta, La (Galdar),35468,28.1066,-15.5999
Gáldar,Valeron,35468,28.1066,-15.5999
Gáldar,Barranco Hondo De Abajo,35468,28.1066,-15.5999
Gáldar,Degollada, La (Galdar),35468,28.1066,-15.5999
Gáldar,Silos, Los (Galdar),35468,28.1066,-15.5999
Gáldar,Troya,35468,28.1066,-15.5999
Gáldar,Hoya De Pineda (Galdar),35468,28.1066,-15.5999
Gáldar,Chirino,35468,28.1066,-15.5999
Gáldar,Lucena,35468,28.1066,-15.5999
Gáldar,La Agazal,35468,28.1066,-15.5999
Gáldar,Molino, El (Galdar),35468,28.1066,-15.5999
Gáldar,Rosas, Las (Galdar),35468,28.1066,-15.5999
Gáldar,Buenavista,35468,28.1066,-15.5999
Gáldar,Juncalillo (Galdar),35468,28.1066,-15.5999
Gáldar,Caideros De San Jose,35468,28.1066,-15.5999
Gáldar,Saucillo,35468,28.0947,-15.6413
Gáldar,Piso Firme,35468,28.1117,-15.6845
Gáldar,Hoya De Pineda (Santa Maria De Guia),35468,28.1066,-15.5999
Gáldar,Hornillo, El (Agaete),35468,28.1066,-15.5999
Gáldar,Llanos, Los (Agaete),35468,28.1066,-15.5999
Gáldar,Caleta De Arriba,35469,28.1066,-15.5999
Gáldar,Faro De Sardina (Urbanizacion),35469,28.1066,-15.5999
Gáldar,Corralete,35469,28.1066,-15.5999
Gáldar,Sobradillo, El (Galdar),35469,28.1066,-15.5999
Gáldar,El Clavo,35469,28.1066,-15.5999
Gáldar,Barrio Negrin (Galdar),35469,28.1066,-15.5999
Gáldar,Sardina (Galdar),35469,28.1066,-15.5999
Gáldar,Condenados, Los (Barrio),35469,28.1066,-15.5999
Gáldar,Barranquillo El Vino,35469,28.1066,-15.5999
Gáldar,Punta De Galdar,35469,28.1066,-15.5999
Gáldar,Los Dos Roques,35469,28.1579,-15.6706
Gáldar,La Furnia,35469,28.1605,-15.6742
Gáldar,Las Cumbrecillas,35469,28.1563,-15.6985
Gáldar,Nido Cuervo,35469,28.1473,-15.6651
Gáldar,Barrial,35469,28.1413,-15.6643
Gáldar,El Agujero,35469,28.1609,-15.661
Aldea de San Nicolás, La,Los Cardones,35470,27.9816,-15.785
Aldea de San Nicolás, La,La Aldea De San Nicolas,35470,27.9415,-15.7793
Aldea de San Nicolás, La,San Nicolas De Tolentino (Capital Municipal),35470,27.9415,-15.7793
Aldea de San Nicolás, La,Jerez (San Nicolas De Tolentino),35470,27.9415,-15.7793
Aldea de San Nicolás, La,Posteragua De Tasarte,35478,27.926,-15.7738
Aldea de San Nicolás, La,El Canonigo,35478,27.926,-15.7738
Aldea de San Nicolás, La,Hoyo, El (San Nicolas De Tolentino),35478,27.926,-15.7738
Aldea de San Nicolás, La,Tocodoman,35478,27.926,-15.7738
Aldea de San Nicolás, La,La Cardonera,35478,27.926,-15.7738
Aldea de San Nicolás, La,Cruz, La (San Nicolas De Tolentino),35478,27.926,-15.7738
Aldea de San Nicolás, La,Playa De Tasarte (Playa),35478,27.926,-15.7738
Aldea de San Nicolás, La,Palillo De Tasarte,35478,27.926,-15.7738
Aldea de San Nicolás, La,Artejeves (Zona),35478,27.926,-15.7738
Aldea de San Nicolás, La,Pasitos, Los (San Nicolas De Tolentino),35478,27.926,-15.7738
Aldea de San Nicolás, La,Casas Blancas (San Nicolas De Tolentino),35478,27.926,-15.7738
Aldea de San Nicolás, La,Rosas, Las (San Nicolas De Tolentino),35478,27.926,-15.7738
Aldea de San Nicolás, La,Tasarte,35478,27.9157,-15.7662
Aldea de San Nicolás, La,Molino De Viento (Tasarte),35478,27.9256,-15.7599
Aldea de San Nicolás, La,Tasartico,35478,27.9268,-15.8016
Aldea de San Nicolás, La,Las Tabladas,35479,27.9882,-15.7959
Aldea de San Nicolás, La,Cuermeja,35479,27.9882,-15.7959
Aldea de San Nicolás, La,La Rosa,35479,27.9882,-15.7959
Aldea de San Nicolás, La,Cruce, El (San Nicolas De Tolentino),35479,27.9882,-15.7959
Aldea de San Nicolás, La,Molino De Agua,35479,27.9882,-15.7959
Aldea de San Nicolás, La,Playa, La (San Nicolas De Tolentino),35479,27.9882,-15.7959
Aldea de San Nicolás, La,Lomo, El (San Nicolas De Tolentino),35479,27.9882,-15.7959
Aldea de San Nicolás, La,Ladera Del Palomar,35479,27.9882,-15.7959
Aldea de San Nicolás, La,La Ladera,35479,27.9882,-15.7959
Aldea de San Nicolás, La,El Albercon,35479,27.9882,-15.7959
Aldea de San Nicolás, La,Castañeta,35479,27.988,-15.7728
Aldea de San Nicolás, La,Los Espinos,35479,27.9883,-15.7959
Aldea de San Nicolás, La,Mederos,35479,27.9907,-15.7937
Aldea de San Nicolás, La,Los Molinos,35479,27.994,-15.8031
Aldea de San Nicolás, La,El Pinillo,35479,27.9775,-15.7771
Aldea de San Nicolás, La,Los Caserones,35479,28.0046,-15.8158
Aldea de San Nicolás, La,Las Marciegas,35479,27.9985,-15.8144
Aldea de San Nicolás, La,La Hoyilla,35479,27.9902,-15.7974
Aldea de San Nicolás, La,Cercadillos,35479,27.9823,-15.7672
Aldea de San Nicolás, La,El Ribanzo,35479,27.991,-15.7961
Agaete,Agaete (Capital Municipal),35480,28.1002,-15.7
Agaete,Turman, El (Urbanizacion),35480,28.1002,-15.7
Agaete,Palmeral, El (Agaete) (Urbanizacion),35480,28.1002,-15.7
Gáldar,Lomo De Don Tomas,35488,28.147,-15.6502
Gáldar,Barranco Canario,35488,28.147,-15.6502
Gáldar,Rosetas,35488,28.147,-15.6502
Gáldar,Taya,35488,28.147,-15.6502
Gáldar,Lomo De San Anton,35488,28.147,-15.6502
Gáldar,Farragut,35488,28.147,-15.6502
Gáldar,Las Quintanas,35488,28.147,-15.6502
Gáldar,Juan Viejo,35488,28.147,-15.6502
Gáldar,Marmolejo,35488,28.147,-15.6502
Gáldar,Majadilla, Las (Galdar),35488,28.147,-15.6502
Gáldar,San Isidro (Galdar),35488,28.147,-15.6502
Agaete,Puerto De Las Nieves,35489,28.1031,-15.7114
Agaete,Sao, El (Agaete),35489,28.0886,-15.6965
Agaete,La Calera,35489,28.0886,-15.6965
Agaete,Chapin,35489,28.0886,-15.6965
Agaete,Suerte, La (Agaete),35489,28.0886,-15.6965
Agaete,Lomo De San Pedro (Agaete),35489,28.0886,-15.6965
Agaete,Valle De Agaete,35489,28.0886,-15.6965
Agaete,Cruz, La (Agaete),35489,28.0886,-15.6965
Agaete,Longueras, Las (Agaete),35489,28.0886,-15.6965
Agaete,Cuevecillas (Agaete),35489,28.0886,-15.6965
Agaete,Vecindad De Enfrente,35489,28.0886,-15.6965
Agaete,San Pedro,35489,28.0812,-15.6713
Agaete,Guayedra,35489,28.0818,-15.7065
Agaete,Los Berrazales,35489,28.0886,-15.6965
Agaete,Risco El (Agaete),35489,28.0886,-15.6965
Puerto del Rosario,Arrecife,35500,28.9673,-13.5521
Teguise,Volcan De Tahiche,35507,29.0191,-13.5445
Teguise,Tahiche,35507,29.0191,-13.5445
Teguise,Vega De Tahiche,35507,29.0191,-13.5445
Teguise,Las Cabreras,35507,29.0191,-13.5445
Teguise,Los Ancones,35508,28.9984,-13.4991
Teguise,Costa Teguise,35508,28.9996,-13.4954
Teguise,Las Caletas,35508,28.9822,-13.5127
San Bartolomé,Playa Honda,35509,28.9537,-13.5912
San Bartolomé,Las Puntas,35509,28.9529,-13.5912
San Bartolomé,Aeropuerto De Lanzarote,35509,28.9529,-13.5912
San Bartolomé,Playa Del Cable (Playa),35509,28.9529,-13.5912
Tías,Barranco Del Quiquere,35510,28.9434,-13.6548
Tías,Los Casalones,35510,28.9434,-13.6548
Tías,Los Pocillos,35510,28.9434,-13.6548
Tías,Los Mojones,35510,28.9636,-13.6439
Tías,Puerto Del Carmen,35510,28.9231,-13.6658
Haría,Haria (Capital Municipal),35520,29.0322,-13.6071
Teguise,Teguise (Capital Municipal),35530,29.0604,-13.5347
Teguise,Montaña, La (Teguise),35539,29.0604,-13.5347
Teguise,El Mojon,35539,29.0631,-13.5175
Teguise,Nazaret,35539,29.0418,-13.5575
Teguise,Los Valles,35539,29.0847,-13.5258
Teguise,Teseguite,35539,29.0556,-13.5311
Santa María de Guía de Gran Canaria,Caleta De Sebo (Isla Graciosa),35540,29.1451,-13.4702
Santa María de Guía de Gran Canaria,Caleta De Sebo (La Graciosa),35540,29.1451,-13.4702
Santa María de Guía de Gran Canaria,Pedro Barba (La Graciosa),35540,29.1451,-13.4702
Haría,Orzola,35541,29.2209,-13.452
Haría,Maguez,35541,29.1601,-13.4929
Haría,Ye,35541,29.1948,-13.4799
Haría,Guinate,35541,29.1807,-13.4946
Haría,Arrieta,35542,29.1322,-13.4614
Haría,Punta Mujeres,35542,29.1452,-13.4484
Haría,Tabayesco,35542,29.1277,-13.4804
Haría,Mala,35543,29.0979,-13.4685
Teguise,Guatiza,35544,29.0744,-13.4787
Tinajo,San Bartolome De Lanzarote (Capital Municipal),35550,29.0411,-13.6285
Teguise,Laderas, Las (Teguise),35558,29.0743,-13.6293
Teguise,Caleta De Famara,35558,29.0743,-13.6293
Teguise,Caldereta (San Bartolome De Lanzarote),35558,29.0743,-13.6293
Teguise,Tiagua,35558,29.0541,-13.6319
Teguise,Soo,35558,29.1002,-13.6209
Teguise,Muñique,35558,29.0714,-13.6345
San Bartolomé,El Islote,35559,29.0166,-13.6303
San Bartolomé,Florida, La (San Bartolome De Lanzarote),35559,28.9914,-13.6274
San Bartolomé,Montaña Blanca (San Bartolome De Lanzarote),35559,28.9914,-13.6274
San Bartolomé,Guime,35559,28.973,-13.6137
Tinajo,La Vegueta,35560,29.0483,-13.6487
Tinajo,Tajaste,35560,29.052,-13.6835
Tinajo,El Cuchillo,35560,29.0823,-13.6645
Tinajo,Yuco,35560,29.0532,-13.6488
Tinajo,La Santa,35560,29.1072,-13.6668
Tinajo,Costa, La (Tinajo),35560,29.0756,-13.665
Tinajo,Mancha Blanca,35560,29.0436,-13.688
Tinajo,Tinajo,35560,29.0633,-13.6765
Tinajo,Cañada, La (Tinajo),35560,29.0756,-13.665
Teguise,Tomaren,35561,29.022,-13.6138
Teguise,Mozaga,35561,29.022,-13.6131
Teguise,Tao (Teguise),35561,29.022,-13.6138
Yaiza,Femes,35570,28.9121,-13.7789
Yaiza,Uga,35570,28.9502,-13.7437
Yaiza,Golfo, El (Yaiza),35570,28.9312,-13.7617
Yaiza,Maciot,35570,28.9312,-13.7617
Yaiza,Degollada La (Yaiza),35570,28.9312,-13.7617
Yaiza,La Geria,35570,28.9312,-13.7617
Yaiza,Breñas, Las (Yaiza),35570,28.9312,-13.7617
Yaiza,Yaiza (Capital Municipal),35570,28.9312,-13.7617
Yaiza,Casitas, Las (Yaiza),35570,28.9312,-13.7617
Yaiza,Playa Quemada,35570,28.9312,-13.7617
Tías,Barranco De La Pila,35571,28.9441,-13.7087
Tías,Barranco Del Agua,35571,28.9441,-13.7087
Tías,Cortijo Viejo (Yaiza),35571,28.9568,-13.7654
Tías,Barranco De La Calera (Macher),35571,28.9484,-13.6912
Tías,Puerto Calero,35571,28.9203,-13.7054
Tías,Macher,35571,28.9484,-13.6912
Tías,Asomada, La (Tias),35571,28.9484,-13.6912
Tías,Conil,35572,28.9678,-13.6709
Tías,Masdache,35572,28.9961,-13.6554
Tías,Tegoyo,35572,28.9718,-13.6809
Tías,Tias (Capital Municipal),35572,28.9788,-13.6687
Yaiza,San Marcial De Rubicon,35580,28.9568,-13.7654
Yaiza,Costa De Papagayo,35580,28.9568,-13.7654
Yaiza,Castillo Del Aguila,35580,28.9568,-13.7654
Yaiza,Montaña Roja,35580,28.8649,-13.8423
Yaiza,Playa Blanca (Yaiza),35580,28.9568,-13.7654
Yaiza,Coloradas, Las (Yaiza),35580,28.9568,-13.7654
Puerto del Rosario,Puerto Del Rosario (Capital Municipal),35600,28.5004,-13.8627
Puerto del Rosario,Llanos De La Mareta,35600,28.5004,-13.8627
Puerto del Rosario,Matorral, El (Puerto Del Rosario),35600,28.5004,-13.8627
Puerto del Rosario,Salinas Del Carmen,35610,28.424,-13.8917
Puerto del Rosario,Castillo De Caleta Fuste,35610,28.424,-13.8917
Puerto del Rosario,Aeropuerto De Fuerteventura,35610,28.424,-13.8917
Puerto del Rosario,Caleta De Fuste,35610,28.3964,-13.8588
Puerto del Rosario,Costa De Antigua,35610,28.4125,-13.8558
Puerto del Rosario,Golf Club Fuerteventura,35610,28.3877,-13.8674
Puerto del Rosario,Nuevo Horizonte (Urbanizacion),35610,28.424,-13.8917
Puerto del Rosario,Castillo, El (Antigua),35610,28.4231,-14.0138
Puerto del Rosario,Barranco De La Torre,35610,28.424,-13.8917
Puerto del Rosario,Barrio De Negrin (Puerto Del Rosario),35610,28.5004,-13.8627
Puerto del Rosario,Casillas Del Angel,35611,28.4898,-13.9659
Puerto del Rosario,Tefia,35611,28.5245,-13.9915
Puerto del Rosario,Colonia De Garcia Escamez,35611,28.5072,-13.9787
Puerto del Rosario,Tao (Pto Del Rosario),35611,28.5072,-13.9787
Puerto del Rosario,Tesjuate,35611,28.5072,-13.9787
Puerto del Rosario,Llanos Pelados,35612,28.5457,-13.8595
Puerto del Rosario,Rosa De La Monja,35612,28.5457,-13.8595
Puerto del Rosario,Asomada, La (Puerto Del Rosario),35612,28.5457,-13.8595
Puerto del Rosario,Los Estancos,35612,28.5287,-13.9123
Puerto del Rosario,Guisguey,35612,28.5573,-13.8774
Puerto del Rosario,Rosa De La Arena,35612,28.5457,-13.8595
Puerto del Rosario,Puerto Lajas,35612,28.5406,-13.8394
Puerto del Rosario,Herradura, La (Pto Rosario),35613,28.5368,-13.9442
Puerto del Rosario,El Time,35613,28.552,-13.905
Puerto del Rosario,La Matilla,35613,28.561,-13.9596
Puerto del Rosario,Tetir,35613,28.5315,-13.9348
Puerto del Rosario,Valhondo,35613,28.5605,-13.9086
Puerto del Rosario,Tamariche,35613,28.5411,-13.9393
Tuineje,Gran Tarajal,35620,28.213,-14.0225
Pájara,Morro Jable,35625,28.0536,-14.3537
Pájara,Las Gaviotas,35625,28.0574,-14.3186
Pájara,Solana Del Matorral,35625,28.0536,-14.3355
Pájara,Jandia,35626,28.0969,-14.2859
Pájara,Barranco Los Canarios,35626,28.0734,-14.3192
Pájara,Barranco Del Mal Nombre,35626,28.0734,-14.3192
Pájara,Esquinzo (Morro Jable),35626,28.0499,-14.3524
Tuineje,Chilegua,35627,28.2524,-14.1777
Tuineje,Huertas De Chilegua,35627,28.199,-14.1856
Tuineje,Bahia Calma,35627,28.199,-14.1856
Tuineje,La Pared,35627,28.199,-14.1856
Tuineje,Los Albertos,35627,28.199,-14.1856
Tuineje,Risco Del Gato,35627,28.199,-14.1856
Tuineje,Cañada Del Rio,35627,28.199,-14.1856
Tuineje,Costa Calma,35627,28.1648,-14.2312
Tuineje,La Lajita,35627,28.1844,-14.1523
Tuineje,Ajuy,35628,28.3996,-14.1555
Tuineje,Toto,35628,28.3594,-14.0867
Tuineje,Mezquez,35628,28.3685,-14.1157
Tuineje,Pajara (Capital Municipal),35628,28.3685,-14.1157
Tuineje,Cardon, El (Pajara),35628,28.3504,-14.1076
Tuineje,Montaña Hendida,35629,28.2664,-14.1379
Tuineje,Tenicosquey,35629,28.3068,-13.9538
Tuineje,Tamaretilla,35629,28.266,-14.0596
Tuineje,Casa De Violante,35629,28.266,-14.0596
Tuineje,Mazacote,35629,28.266,-14.0596
Tuineje,Marcos Sanchez,35629,28.266,-14.0596
Tuineje,Puerto Azul (Urbanizacion),35629,28.266,-14.0596
Tuineje,La Fuentita,35629,28.266,-14.0596
Tuineje,Rosa Grande,35629,28.266,-14.0596
Tuineje,Rosa De James,35629,28.266,-14.0596
Tuineje,Piedra Hincada,35629,28.266,-14.0596
Tuineje,La Mata,35629,28.266,-14.0596
Tuineje,Diego Alonso,35629,28.266,-14.0596
Tuineje,Charco, El (Tuineje),35629,28.266,-14.0596
Tuineje,La Calabaza,35629,28.266,-14.0596
Tuineje,Llano Florido,35629,28.3201,-14.0483
Tuineje,Tesejerague,35629,28.2819,-14.1104
Tuineje,Tuineje,35629,28.3245,-14.0455
Tuineje,Tarajalejo,35629,28.1927,-14.117
Tuineje,Las Casitas,35629,28.3072,-14.0596
Tuineje,Juan Gopar,35629,28.2774,-14.0588
Tuineje,Las Playitas,35629,28.2303,-13.9842
Antigua,Antigua, La (Capital Municipal),35630,28.4037,-14.0125
Puerto del Rosario,La Ampuyenta,35637,28.4665,-13.9935
Puerto del Rosario,Valle De Santa Ines,35637,28.4597,-14.0398
Puerto del Rosario,Llanos De La Concepcion,35637,28.4756,-14.0324
Puerto del Rosario,Vega De Rio Palmas,35637,28.3913,-14.0853
Puerto del Rosario,Betancuria,35637,28.4244,-14.0569
Antigua,Tiscamanita,35638,28.3522,-14.0369
Antigua,Casillas De Morales,35638,28.3769,-14.0083
Antigua,Las Pocetas,35638,28.4,-14
Antigua,Corte, La (Antigua),35638,28.3777,-14.0178
Antigua,Agua De Bueyes,35638,28.3706,-14.0286
Antigua,Valles De Ortega,35638,28.3886,-14.0118
Antigua,Pozo Negro,35639,28.3167,-13.8833
Antigua,Triquivijate,35639,28.4283,-13.9722
Antigua,Alares,35639,28.3725,-13.9278
Antigua,Majada Blanca,35639,28.3725,-13.9278
Antigua,Rosa Del Taro,35639,28.3725,-13.9278
Antigua,Casas Del Hospinal,35639,28.3725,-13.9278
Gáldar,Villaverde,35640,28.6303,-13.9039
Gáldar,La Oliva,35640,28.6126,-13.9282
Oliva, La,Parque Holandes,35649,28.6068,-13.8376
Oliva, La,Vallebron,35649,28.5667,-13.9167
Oliva, La,Tindaya,35649,28.5855,-13.9812
Oliva, La,Caldereta, La (La Oliva),35649,28.5858,-13.9117
Oliva, La,Esquinzo (La Oliva),35649,28.5858,-13.9117
Oliva, La,Taca,35649,28.5858,-13.9117
Oliva, La,Majanicho,35650,28.6833,-14.01
Oliva, La,Lagos, Los (Urbanizacion),35650,28.6833,-14.01
Oliva, La,Lajares (La Oliva),35650,28.6833,-14.01
Oliva, La,Roque, El (Cotillo),35650,28.6839,-14.01
Oliva, La,El Cotillo,35650,28.6835,-14.0103
Tuineje,Geafond,35660,28.7118,-13.8713
Tuineje,Corralejo,35660,28.7398,-13.8689
Tuineje,Tres Islas,35660,28.7308,-13.8675
Tuineje,Lobos, Isla De,35660,28.7308,-13.8675
Tuineje,Corralejo Playa,35660,28.7312,-13.8654
Santa Cruz de Tenerife,Santa Cruz De Tenerife,38001,28.4682,-16.2546
Santa Cruz de Tenerife,Santa Cruz De Tenerife,38002,28.4682,-16.2546
Santa Cruz de Tenerife,Santa Cruz De Tenerife,38003,28.4682,-16.2546
Santa Cruz de Tenerife,Santa Cruz De Tenerife,38004,28.4682,-16.2546
Santa Cruz de Tenerife,Santa Cruz De Tenerife,38005,28.4682,-16.2546
Santa Cruz de Tenerife,Santa Cruz De Tenerife,38006,28.4682,-16.2546
Santa Cruz de Tenerife,Santa Cruz De Tenerife,38007,28.4682,-16.2546
Santa Cruz de Tenerife,Santa Cruz De Tenerife,38008,28.4682,-16.2546
Santa Cruz de Tenerife,Santa Cruz De Tenerife,38009,28.4682,-16.2546
Santa Cruz de Tenerife,Santa Cruz De Tenerife,38010,28.4682,-16.2546
,Santa Cruz De Tenerife,38070,28.4682,-16.2546
,Santa Cruz De Tenerife,38071,28.4682,-16.2546
,Santa Cruz De Tenerife,38080,28.4682,-16.2546
Santa Cruz de Tenerife,Santa Cruz De Tenerife,38107,28.4682,-16.2546
Santa Cruz de Tenerife,La Gallega,38107,28.4289,-16.3198
Santa Cruz de Tenerife,Llano Del Moro (Santa Cruz) (Ver Callejero De Santa Cruz De Tenerife),38107,28.4367,-16.3004
Santa Cruz de Tenerife,El Rosarito,38107,28.4425,-16.3005
Santa Cruz de Tenerife,El Sobradillo,38107,28.447,-16.3095
Santa Cruz de Tenerife,Barranco Grande,38107,28.4372,-16.3078
Santa Cruz de Tenerife,El Tablero,38107,28.4177,-16.3235
Santa Cruz de Tenerife,Tincer,38107,28.4462,-16.3031
Santa Cruz de Tenerife,Las Veredillas,38107,28.4367,-16.3004
Santa Cruz de Tenerife,El Pilar,38107,28.4228,-16.3184
Santa Cruz de Tenerife,Taco,38108,28.439,-16.2967
Santa Cruz de Tenerife,Las Chumberas,38108,28.4612,-16.3027
Santa Cruz de Tenerife,Los Andenes,38108,28.4479,-16.3045
Santa Cruz de Tenerife,San Matias,38108,28.4656,-16.3081
Santa Cruz de Tenerife,San Cristobal De La Laguna,38108,28.4853,-16.3201
Rosario, El,El Chorrillo,38109,28.4153,-16.3233
Rosario, El,Bocacangrejo (El Rosario),38109,28.4491,-16.3037
Rosario, El,San Isidro (El Rosario),38109,28.4491,-16.3037
Rosario, El,Radazul,38109,28.4491,-16.3037
Rosario, El,Campana, La (Poligono Industrial),38109,28.4491,-16.3037
Santa Cruz de Tenerife,Santa Cruz De Tenerife,38110,28.4682,-16.2546
Santa Cruz de Tenerife,Mayorazgo, El (Poligono Industrial),38110,28.4682,-16.2546
Santa Cruz de Tenerife,Santa Cruz De Tenerife,38111,28.4682,-16.2546
Santa Cruz de Tenerife,Santa Maria Del Mar,38111,28.4253,-16.3036
Santa Cruz de Tenerife,Añaza,38111,28.4241,-16.2998
Santa Cruz de Tenerife,Alisios,38111,28.429,-16.3078
Santa Cruz de Tenerife,Acoran,38111,28.4161,-16.3045
Santa Cruz de Tenerife,San Andres (Santa Cruz De Tenerife),38120,28.4682,-16.2546
Santa Cruz de Tenerife,Lomo De Las Bodegas,38129,28.562,-16.1557
Santa Cruz de Tenerife,El Draguillo,38129,28.5767,-16.1762
Santa Cruz de Tenerife,Almaciga,38129,28.5701,-16.198
Santa Cruz de Tenerife,El Suculum,38129,28.5121,-16.1891
Santa Cruz de Tenerife,Chamorga,38129,28.5686,-16.1568
Santa Cruz de Tenerife,Benijo,38129,28.5694,-16.1727
Santa Cruz de Tenerife,Roque Bermejo,38129,28.5694,-16.1727
Santa Cruz de Tenerife,La Cumbrilla,38129,28.5694,-16.1727
Santa Cruz de Tenerife,El Bailadero,38129,28.5694,-16.1727
Santa Cruz de Tenerife,Taganana,38130,28.5611,-16.2169
Santa Cruz de Tenerife,Casas De La Cumbre,38139,28.5433,-16.2338
Santa Cruz de Tenerife,Valle De Los Catalanes,38139,28.5433,-16.2338
Santa Cruz de Tenerife,Roque Negro,38139,28.5333,-16.2167
Santa Cruz de Tenerife,Afur,38139,28.5533,-16.2509
Santa Cruz de Tenerife,Igueste De San Andres,38140,28.4882,-16.2553
Santa Cruz de Tenerife,Las Cuevas,38150,28.4833,-16.2667
Santa Cruz de Tenerife,Cardonera,38150,28.3154,-16.3705
Santa Cruz de Tenerife,Valleseco,38150,28.4871,-16.2384
Santa Cruz de Tenerife,Valle Tahodio,38160,28.491,-16.251
Santa Cruz de Tenerife,Santa Cruz De Tenerife,38160,28.4882,-16.2553
Santa Cruz de Tenerife,Santa Cruz De Tenerife,38170,28.4682,-16.2546
Santa Cruz de Tenerife,Los Campitos,38170,28.483,-16.2637
Santa Cruz de Tenerife,Maria Jimenez,38180,28.5104,-16.2317
Santa Cruz de Tenerife,Valle Crispin,38180,28.5157,-16.2376
Santa Cruz de Tenerife,Darsena Pesquera,38180,28.5099,-16.2282
Santa Cruz de Tenerife,Valle Brosque,38180,28.5176,-16.2273
Santa Cruz de Tenerife,Cueva Bermeja,38180,28.4966,-16.2158
Rosario, El,Machado,38190,28.4181,-16.3403
Rosario, El,Tabaiba (Urbanizacion),38190,28.4882,-16.2553
,San Cristobal De La Laguna,38200,28.4853,-16.3201
San Cristóbal de La Laguna,San Cristobal De La Laguna,38201,28.4853,-16.3201
San Cristóbal de La Laguna,San Cristobal De La Laguna,38202,28.4853,-16.3201
San Cristóbal de La Laguna,San Cristobal De La Laguna,38203,28.4853,-16.3201
San Cristóbal de La Laguna,San Cristobal De La Laguna,38204,28.4853,-16.3201
San Cristóbal de La Laguna,San Cristobal De La Laguna,38205,28.4853,-16.3201
San Cristóbal de La Laguna,San Cristobal De La Laguna,38206,28.4853,-16.3201
San Cristóbal de La Laguna,San Cristobal De La Laguna,38207,28.4853,-16.3201
San Cristóbal de La Laguna,San Cristobal De La Laguna,38208,28.4853,-16.3201
San Cristóbal de La Laguna,Punta Del Hidalgo,38240,28.562,-16.3325
San Cristóbal de La Laguna,Bajamar,38250,28.5531,-16.3454
San Cristóbal de La Laguna,Tejina,38260,28.5336,-16.3617
San Cristóbal de La Laguna,Valle Guerra,38270,28.5167,-16.3833
Tegueste,Tegueste,38280,28.5231,-16.3387
Rosario, El,Lomo Pelado,38290,28.4409,-16.3667
Rosario, El,La Esperanza,38290,28.4514,-16.3667
Rosario, El,Las Barreras,38290,28.4171,-16.365
Rosario, El,Rosas, Las (Esperanza, La),38290,28.4507,-16.3692
Rosario, El,Llano Del Moro (El Rosario),38290,28.4466,-16.3699
Rosario, El,Preventorio,38290,28.4466,-16.3699
Rosario, El,Peñafiel,38290,28.4466,-16.3699
San Cristóbal de La Laguna,San Cristobal De La Laguna,38291,28.4853,-16.3201
San Cristóbal de La Laguna,Mina,38291,28.4761,-16.3239
San Cristóbal de La Laguna,Los Baldios,38291,28.4669,-16.3277
Tegueste,Pedro Alvarez,38292,28.519,-16.3238
Tegueste,Socorro, El (Tegueste),38292,28.5167,-16.3167
Tegueste,Portezuelo,38292,28.4984,-16.3589
Tegueste,El Infierno,38292,28.5114,-16.3514
Tegueste,Padilla Baja,38292,28.5039,-16.3622
Tegueste,Mercedes, Las, De (Carretera),38293,28.4853,-16.3201
Tegueste,Camino De Jardina,38293,28.4853,-16.3201
Tegueste,San Cristobal De La Laguna,38293,28.4853,-16.3201
Santa Cruz de Tenerife,Taborno,38294,28.5566,-16.2642
Santa Cruz de Tenerife,Las Carboneras,38294,28.5538,-16.2766
Santa Cruz de Tenerife,Cruz Del Carmen,38294,28.4445,-16.2754
Santa Cruz de Tenerife,Chinamada,38294,28.5607,-16.2913
Santa Cruz de Tenerife,Batan De Arriba,38294,28.5379,-16.2837
Santa Cruz de Tenerife,Rio,38294,28.5316,-16.2794
Santa Cruz de Tenerife,Bejia,38294,28.5316,-16.2794
Santa Cruz de Tenerife,Batan De Abajo,38294,28.5447,-16.298
San Cristóbal de La Laguna,San Cristobal De La Laguna,38296,28.4853,-16.3201
San Cristóbal de La Laguna,San Miguel De Geneto,38296,28.4586,-16.3252
Tegueste,Aeropuerto De Los Rodeos, Residencial (Zona),38297,28.4968,-16.3176
Tegueste,Ortigal,38297,28.4968,-16.3176
Tegueste,Aeropuerto De Los Rodeos (Santa Cruz De Tenerife),38297,28.4968,-16.3176
Tegueste,Hoya Del Camello,38297,28.4968,-16.3176
Tegueste,Garimba,38297,28.4968,-16.3176
Orotava, La,Parque Nacional Teide,38300,28.3908,-16.5231
Orotava, La,Las Cañadas Del Teide,38300,28.3908,-16.5231
Orotava, La,La Orotava,38300,28.3905,-16.5227
Orotava, La,Hacienda Perdida,38310,28.3786,-16.5155
Orotava, La,Chasna,38310,28.3696,-16.5275
Orotava, La,Pinoleris,38310,28.3783,-16.4999
Orotava, La,Aguamansa,38310,28.3677,-16.5021
Orotava, La,El Bebedero,38310,28.3747,-16.5097
Orotava, La,El Sauce,38310,28.3694,-16.5156
Orotava, La,El Montijo,38310,28.3613,-16.492
Orotava, La,La Sierra,38310,28.3613,-16.492
Orotava, La,Posada De Montenegro,38310,28.3613,-16.492
Orotava, La,Tres Pinos (Aguamansa),38310,28.3587,-16.4963
Orotava, La,Florida Alta,38311,28.3897,-16.5064
Orotava, La,La Hondura,38311,28.3897,-16.5064
Orotava, La,Humboldt (Urbanizacion),38311,28.3897,-16.5064
Orotava, La,Los Gomez,38311,28.3897,-16.5064
Orotava, La,Pino Alto,38311,28.4006,-16.501
Orotava, La,Los Frontones,38311,28.3859,-16.51
Orotava, La,Dehesa Alta,38311,28.3885,-16.5122
Orotava, La,La Florida,38311,28.3887,-16.5041
Orotava, La,La Luz,38312,28.3872,-16.5531
Orotava, La,Arenas, Las (La Orotava),38312,28.3667,-16.5333
Orotava, La,Cruz De Los Martillos,38312,28.3667,-16.5333
Orotava, La,San Jeronimo (La Orotava),38312,28.3667,-16.5333
Orotava, La,Las Candias,38312,28.3667,-16.5333
Orotava, La,Benijos,38313,28.3597,-16.5489
Orotava, La,Los Rechazos,38314,28.4051,-16.519
Orotava, La,La Ratona,38314,28.3942,-16.5255
Orotava, La,Cuevas, Las (La Orotava) (Urbanizacion),38314,28.3908,-16.5231
Orotava, La,San Bartolome (La Orotava),38314,28.3908,-16.5231
Orotava, La,El Durazno,38314,28.4044,-16.5326
Orotava, La,Rincon, El (La Orotava),38314,28.3908,-16.5231
Orotava, La,La Aza,38315,28.378,-16.55
Orotava, La,La Perdoma,38315,28.3781,-16.5517
Santa Cruz de Tenerife,La Cuesta,38320,28.4692,-16.2882
Santa Cruz de Tenerife,San Cristobal De La Laguna,38320,28.4853,-16.3201
Santa Cruz de Tenerife,Santa Cruz De Tenerife,38320,28.4853,-16.3201
San Cristóbal de La Laguna,Lomo De Las Casillas,38329,28.4853,-16.3201
San Cristóbal de La Laguna,San Cristobal De La Laguna,38329,28.4853,-16.3201
San Cristóbal de La Laguna,Valle Jimenez,38329,28.4853,-16.3201
San Cristóbal de La Laguna,Valle Tabares,38329,28.4853,-16.3201
San Cristóbal de La Laguna,Guamasa,38330,28.49,-16.3772
San Cristóbal de La Laguna,El Pulpito,38330,28.4833,-16.35
Tacoronte,Luz, La (Tacoronte),38340,28.491,-16.3864
Tacoronte,Campo De Golf (Tacoronte),38340,28.491,-16.3864
Tacoronte,La Caridad,38340,28.4938,-16.3859
Tacoronte,Los Naranjeros,38340,28.4849,-16.3923
Tacoronte,Tacoronte,38350,28.4756,-16.4179
Tacoronte,Cantiillo, El (Tacoronte),38350,28.4769,-16.4102
Tacoronte,El Torreon,38350,28.4769,-16.4102
Tacoronte,Barranco De Las Lajas,38355,28.4639,-16.4076
Tacoronte,Agua Garcia,38355,28.4639,-16.4076
Tacoronte,San Juan Perales,38356,28.5013,-16.405
Tacoronte,San Jeronimo (Tacoronte),38356,28.4769,-16.4102
Tacoronte,Lomo Colorado,38357,28.4882,-16.3967
Tacoronte,Las Casas Altas,38357,28.4765,-16.4023
Tacoronte,El Adelantado,38357,28.4786,-16.4111
Tacoronte,Juan Fernandez,38358,28.4985,-16.4174
Tacoronte,Santa Catalina Las Toscas,38358,28.4985,-16.4174
Tacoronte,Mesa Del Mar (Urbanizacion),38358,28.4985,-16.4174
Tacoronte,El Pris,38358,28.5089,-16.4196
Tacoronte,Tagoro,38358,28.5096,-16.4088
Tacoronte,Guayonje,38358,28.4931,-16.4204
Tacoronte,Puerto La Madera,38358,28.4985,-16.4174
Sauzal, El,Ravelo,38359,28.4786,-16.4111
Sauzal, El,Valle Forestal (Urbanizacion),38359,28.4786,-16.4111
Sauzal, El,El Sauzal,38360,28.4735,-16.4364
Sauzal, El,El Puertito,38360,28.55,-16.3333
Sauzal, El,Angeles, Los (Urbanizacion),38360,28.5083,-16.375
La Matanza de Acentejo,La Matanza De Acentejo,38370,28.4524,-16.4472
La Matanza de Acentejo,Chamiana,38379,28.4524,-16.4472
La Matanza de Acentejo,Jagre,38379,28.4463,-16.4659
La Matanza de Acentejo,San Antonio,38379,28.4393,-16.4568
La Matanza de Acentejo,Puntillo Del Sol,38379,28.4524,-16.4472
La Matanza de Acentejo,Toscas De Guia,38379,28.4524,-16.4472
Victoria de Acentejo, La,La Victoria De Acentejo,38380,28.4323,-16.4623
Victoria de Acentejo, La,Resbala, La (La Victoria),38389,28.4323,-16.4623
Victoria de Acentejo, La,Los Altos-Arroyos,38389,28.4323,-16.4623
Victoria de Acentejo, La,La Vera-Carril,38389,28.4263,-16.4682
Santa Úrsula,Santa Ursula,38390,28.4261,-16.4888
Santa Úrsula,Vera, La (Santa Ursula),38390,28.4261,-16.4888
Santa Úrsula,Quinta,38390,28.4261,-16.4888
Santa Úrsula,Cuesta De La Villa,38390,28.4261,-16.4888
Santa Úrsula,Lomo Roman,38390,28.4261,-16.4888
Santa Úrsula,Tosca De Anamaria,38398,28.4234,-16.4899
Santa Úrsula,Farrobillo,38398,28.4234,-16.4899
Santa Úrsula,Tosca De Barrio,38398,28.4234,-16.4899
Santa Úrsula,Cantillo,38399,28.4207,-16.491
Santa Úrsula,La Corujera,38399,28.4152,-16.4935
Santa Úrsula,Tamaide (Santa Ursula),38399,28.4261,-16.4888
Puerto de la Cruz,Puerto De La Cruz,38400,28.414,-16.5487
Realejos, Los,Realejo Alto,38410,28.3779,-16.5835
Realejos, Los,Los Realejos,38410,28.3674,-16.5833
,Mocan, El (Los Realejos),38411,28.3674,-16.5833
,Horno, El (Los Realejos),38411,28.3674,-16.5833
Realejos, Los,Realejo Bajo,38412,28.385,-16.5879
Realejos, Los,Cruz Santa,38413,28.3774,-16.5661
Realejos, Los,Ferruja, La (Realejos, Los),38413,28.3674,-16.5833
Realejos, Los,Icod El Alto,38414,28.3667,-16.6
Realejos, Los,Llanadas,38415,28.3525,-16.5838
Realejos, Los,Palo Blanco (Los Realejos),38415,28.3674,-16.5833
Realejos, Los,Tigaiga,38416,28.3839,-16.5969
Realejos, Los,Toscal, El (Los Realejos),38417,28.3674,-16.5833
Realejos, Los,Longuera,38418,28.366,-16.5919
Realejos, Los,Zamora Alta,38419,28.3579,-16.6411
Realejos, Los,Grimona, La (Urbanizacion),38419,28.3579,-16.6411
Realejos, Los,Jardin, El (Los Realejos),38419,28.3674,-16.5833
Realejos, Los,San Benito (Los Realejos),38419,28.3674,-16.5833
Realejos, Los,La Carrera,38419,28.3868,-16.5767
Realejos, Los,La Montañeta,38419,28.3858,-16.5613
San Juan de la Rambla,San Juan De La Rambla,38420,28.3928,-16.6501
San Juan de la Rambla,San Jose,38428,28.4311,-16.3747
San Juan de la Rambla,Los Quevedos,38428,28.3809,-16.6421
San Juan de la Rambla,Rosas,38428,28.4311,-16.3747
San Juan de la Rambla,Las Aguas,38429,28.3962,-16.6412
Icod de los Vinos,San Felipe,38430,28.378,-16.7146
Icod de los Vinos,Icod,38430,28.3724,-16.7119
Icod de los Vinos,San Marcos, De (Playa),38430,28.3717,-16.7167
Icod de los Vinos,Las Cañas,38434,28.319,-16.8344
Icod de los Vinos,Santa Barbara,38434,28.319,-16.8344
Icod de los Vinos,Buen Paso,38434,28.3811,-16.6845
Icod de los Vinos,La Mancha,38434,28.3748,-16.6971
Icod de los Vinos,Llanito Perera,38434,28.3585,-16.692
Icod de los Vinos,Florida, La (Icod),38434,28.319,-16.8344
Icod de los Vinos,Belmonte Bajo,38434,28.319,-16.8344
Icod de los Vinos,Peniche,38434,28.319,-16.8344
Silos, Los,San Jose De Los Llanos,38435,28.3346,-16.7899
Silos, Los,El Tanque,38435,28.3587,-16.7781
Silos, Los,Erjos,38435,28.3283,-16.8056
Silos, Los,Ruigomez,38435,28.3333,-16.7833
Silos, Los,La Tierra Del Trigo,38435,28.3538,-16.8029
Icod de los Vinos,Pedregal,38438,28.3623,-16.7129
Icod de los Vinos,El Amparo,38438,28.3558,-16.7139
Icod de los Vinos,La Patita,38438,28.3559,-16.7078
Icod de los Vinos,Cueva Del Viento,38438,28.3539,-16.7144
Icod de los Vinos,Fuente La Vega,38439,28.1315,-17.3237
Icod de los Vinos,Cruz Del Camino,38439,28.1315,-17.3237
Icod de los Vinos,Mirabal,38439,28.1315,-17.3237
Icod de los Vinos,La Vega Alta,38439,28.1315,-17.3237
Icod de los Vinos,La Vega,38439,28.3552,-16.7356
Icod de los Vinos,Las Abiertas,38439,28.3415,-16.7323
La Guancha,La Guancha,38440,28.3748,-16.6532
La Guancha,Lomo Blanco (Guancha, La),38440,28.358,-16.6928
La Guancha,Tierra De Costa,38441,28.358,-16.6928
La Guancha,Montañetas, Las (La Guancha),38441,28.358,-16.6928
La Guancha,Las Longueras,38441,28.358,-16.6928
La Guancha,Convento, El (La Guancha),38441,28.358,-16.6928
La Guancha,Santa Catalina (La Guancha),38441,28.358,-16.6928
La Guancha,Crucitas, Las (La Guancha),38441,28.358,-16.6928
La Guancha,Santo Domingo,38441,28.39,-16.6726
La Guancha,El Pinalete,38449,28.3746,-16.6638
La Guancha,La Sorriba,38449,28.358,-16.6928
La Guancha,Llano Mendez,38449,28.358,-16.6928
La Guancha,Hoya Pablos,38449,28.358,-16.6928
Garachico,Garachico,38450,28.3725,-16.7634
Garachico,Guincho, El (Garachico),38458,28.3677,-16.7571
Garachico,Montañeta, La (Garachico),38459,28.3737,-16.7634
Garachico,Genoves,38459,28.3655,-16.7437
Garachico,San Juan Del Reparo,38459,28.358,-16.7578
Silos, Los,San Pedro De Daute,38460,28.3667,-16.75
Silos, Los,Caleta De Silos,38460,28.3667,-16.75
Silos, Los,La Caleta De Interian,38460,28.3667,-16.75
Silos, Los,Cruces, Las (Garachico),38460,28.3667,-16.75
Silos, Los,Casa Amarilla,38460,28.3744,-16.7963
Silos, Los,Los Silos,38470,28.3659,-16.8168
Silos, Los,El Casco,38470,28.3661,-16.8155
Buenavista del Norte,Barrio De San Jose Bajo,38479,28.3661,-16.8155
Buenavista del Norte,Sibora,38479,28.376,-16.812
Buenavista del Norte,San Bernardo,38479,28.3683,-16.8346
Buenavista del Norte,Puertito De Los Silos,38479,28.3661,-16.8155
Buenavista del Norte,Buenavista Del Norte,38480,28.3746,-16.861
Buenavista del Norte,Masca,38489,28.304,-16.8424
Buenavista del Norte,Lagunetas (Buenavista),38489,28.3185,-16.8499
Buenavista del Norte,Las Portelas,38489,28.3267,-16.8444
Buenavista del Norte,El Palmar,38489,28.3452,-16.8463
Buenavista del Norte,Los Carrizales,38489,28.3213,-16.8646
Buenavista del Norte,Teno,38489,28.3333,-16.85
Güímar,Guimar,38500,28.3039,-16.4325
Güímar,Socorro, El (Guimar),38508,28.3186,-16.3996
Güímar,El Puertito De Guimar,38508,28.3186,-16.3996
Candelaria,Candelaria, Industrial (Paseo),38509,28.3333,-16.3667
Candelaria,Brillasol,38509,28.3651,-16.3725
Candelaria,Aroba,38509,28.3605,-16.3741
Candelaria,La Viuda,38509,28.3408,-16.3677
Rosario, El,Barranco Hondo,38510,28.3985,-16.3547
Candelaria,Igueste De Candelaria,38520,28.5238,-16.1575
Candelaria,Candelaria,38530,28.3553,-16.3706
Candelaria,Las Caletillas,38530,28.377,-16.3622
Candelaria,Las Cuevecitas,38540,28.3559,-16.3936
Candelaria,Araya,38540,28.3623,-16.391
Candelaria,Malpais (Araya),38540,28.3604,-16.3955
Arafo,El Carreton,38550,28.3285,-16.3831
Arafo,Arafo,38550,28.3389,-16.4195
Arafo,La Hidalga,38550,28.3341,-16.395
Güímar,La Medida,38560,28.2806,-16.4085
Güímar,Pajara (Guimar),38560,28.2802,-16.4085
Güímar,Punta Prieta,38560,28.2802,-16.4085
Fasnia,Fasnia,38570,28.2375,-16.4406
Fasnia,Roque, Los (Fasnia),38570,28.2364,-16.4389
Fasnia,Eras, Las (Fasnia),38570,28.2364,-16.4389
Fasnia,La Zarza,38579,28.2359,-16.4557
Fasnia,Sabina Alta (Fasnia),38579,28.2364,-16.4389
Fasnia,Sombrera, La (Fasnia),38579,28.2364,-16.4389
Arico,Villa De Arico,38580,28.1655,-16.4765
Arico,Punta De Abona,38588,28.1505,-16.4321
Arico,Faro De Abona,38588,28.1505,-16.4321
Arico,San Miguel De Tajao,38588,28.1505,-16.4321
Arico,La Jaca,38588,28.1216,-16.4639
Arico,Casablanca (Poris),38588,28.1505,-16.4321
Arico,Poris De Abona,38588,28.1505,-16.4321
Arico,Los Gavilanes,38589,28.1725,-16.4952
Arico,Degollada, La (Arico),38589,28.1667,-16.4833
Arico,Arico El Nuevo,38589,28.177,-16.483
Arico,La Cisnera,38589,28.1627,-16.5105
Arico,La Sabinita,38589,28.1804,-16.4955
Arico,Teguedite,38589,28.1716,-16.4943
Arico,Arico El Viejo,38589,28.1716,-16.4943
Güímar,Lomo De Mena,38590,28.2705,-16.4202
Güímar,Aguerche,38591,28.2606,-16.4297
Güímar,Chimaje,38591,28.2479,-16.4
Güímar,El Escobonal,38591,28.2619,-16.4268
Güímar,El Tablado,38591,28.2409,-16.403
Arico,Icor,38592,28.2033,-16.4572
Arico,Eras, Las (Arico),38592,28.177,-16.483
Arico,El Rio De Arico,38593,28.1414,-16.5238
Granadilla de Abona,Rosas, Las (Granadilla),38594,28.1294,-16.5294
Granadilla de Abona,Chimiche,38594,28.1282,-16.5275
Granadilla de Abona,Vegas, Las (Granadilla),38594,28.1294,-16.5294
Granadilla de Abona,Charco Del Pino,38595,28.1083,-16.5936
Granadilla de Abona,Granadilla,38600,28.1188,-16.576
,Aeropuerto Reina Sofia (Santa Cruz De Tenerife),38610,28.4682,-16.2546
Granadilla de Abona,Castro,38611,28.0844,-16.5586
Granadilla de Abona,San Isidro De Abona,38611,28.0762,-16.558
Granadilla de Abona,Vistas De Yaco,38611,28.0727,-16.5684
Granadilla de Abona,Casablanca (Granadilla),38611,28.0727,-16.5684
Granadilla de Abona,Montaña De Yaco,38611,28.0727,-16.5684
Granadilla de Abona,Atogo,38611,28.0607,-16.5864
Granadilla de Abona,Chuchurumbache,38611,28.0738,-16.5623
Granadilla de Abona,El Medano,38612,28.0462,-16.5363
Vilaflor,Vilaflor,38613,28.1562,-16.6359
Vilaflor,La Escalona,38614,28.1209,-16.6702
Adeje,Ifonche,38615,28.1333,-16.6833
Adeje,Trevejos,38615,28.1393,-16.6615
Granadilla de Abona,Los Barrancos,38616,28.1324,-16.5724
Granadilla de Abona,Los Blanquitos,38616,28.124,-16.5554
Granadilla de Abona,Vicacaro,38616,28.1261,-16.5711
Granadilla de Abona,El Desierto,38616,28.1138,-16.5545
Granadilla de Abona,Higuera, La (Granadilla),38616,28.1254,-16.5733
Granadilla de Abona,Cruz De Las Animas,38616,28.1254,-16.5733
Granadilla de Abona,Chavez,38616,28.1254,-16.5733
Granadilla de Abona,Cruz De Tea (Granadilla),38616,28.1254,-16.5733
Granadilla de Abona,Llanos, Los (Granadilla),38617,28.1146,-16.5496
Granadilla de Abona,Las Palomas,38617,28.1134,-16.5598
Granadilla de Abona,Vista Gorda,38617,28.0967,-16.5741
Granadilla de Abona,El Salto,38617,28.1055,-16.5603
Granadilla de Abona,Yaco,38617,28.0931,-16.5682
Granadilla de Abona,El Draguito,38617,28.113,-16.564
Granadilla de Abona,Los Abrigos,38618,28.0297,-16.5916
,Granadilla (Poligono Industrial),38619,28.1288,-16.562
San Miguel de Abona,San Miguel De Abona,38620,28.1181,-16.6025
Arona,Cruz De Guanche,38626,28.2106,-16.5126
Arona,Valle De San Lorenzo,38626,28.0879,-16.6586
Arona,Los Toscales,38626,28.0787,-16.6633
Arona,Buzanada,38627,28.0699,-16.6557
Arona,La Camella,38627,28.0791,-16.6803
Arona,Barranco Oscuro,38627,28.0775,-16.6596
Arona,Cabo Blanco,38627,28.0723,-16.6715
Arona,Los Bebederos,38627,28.0685,-16.6639
San Miguel de Abona,Tamaide (San Miguel),38628,28.0667,-16.5833
San Miguel de Abona,Aldea Blanca,38628,28.0677,-16.6271
San Miguel de Abona,Las Zocas,38628,28.0814,-16.6082
San Miguel de Abona,Asomada,38628,28.0979,-16.6238
San Miguel de Abona,El Roque,38629,28.0936,-16.6354
San Miguel de Abona,Asomada Alta,38629,28.1008,-16.6407
San Miguel de Abona,El Fronton,38629,28.1008,-16.6407
San Miguel de Abona,Jama,38629,28.1092,-16.6468
Arona,Ten-Bel (Urbanizacion),38630,28.0044,-16.6413
Arona,Costa Del Silencio,38630,28.0044,-16.6413
Arona,Las Galletas,38631,28.0074,-16.6556
Arona,Rosas, Las (Las Galletas),38631,28,-16.65
Arona,Guargacho,38632,28.0346,-16.6399
Arona,Guaza,38632,28.0497,-16.6774
Arona,Palm-Mar,38632,28.0232,-16.7009
Arona,Cho,38632,28.0492,-16.6603
Arona,Fraile,38632,28.0351,-16.6607
Arona,Reina, La (Parque),38632,28.0351,-16.6607
Arona,Guincho, El (San Miguel),38639,28.0263,-16.6062
Arona,Chafiras, Las (San Miguel De Abona),38639,28.0263,-16.6062
Arona,Amarilla Golf,38639,28.0236,-16.6182
Arona,Golf Del Sur,38639,28.0263,-16.6062
Arona,Arona,38640,28.0991,-16.6812
Arona,Casas, Las (Arona),38649,28.0996,-16.681
Arona,Montaña Fria,38649,28.0996,-16.681
Arona,Tunez,38649,28.0996,-16.681
Arona,Sabinita Alta,38649,28.0893,-16.6774
Arona,Vento,38649,28.1014,-16.687
Arona,Playa De Los Cristianos,38650,28.1465,-16.6752
Arona,Chayofa,38652,28.0742,-16.6959
Adeje,Costa Adeje,38660,28.0696,-16.7303
Adeje,Costa Adeje-Playas De Fañabe,38660,28.1227,-16.726
Adeje,Costa Adeje-San Eugenio,38660,28.1227,-16.726
Adeje,La Caldera,38660,28.1227,-16.726
Adeje,Adeje Casco,38670,28.1316,-16.7453
Adeje,Las Nieves,38670,28.1316,-16.7453
Adeje,Las Torres,38670,28.1316,-16.7453
Adeje,Moraditas, Las (Adeje),38677,28.1531,-16.7327
Adeje,Quinta, La (Adeje),38677,28.1531,-16.7327
Adeje,La Concepcion,38677,28.1561,-16.7488
Adeje,Taucho,38677,28.1529,-16.7296
Adeje,Tijoco Bajo,38677,28.1583,-16.766
Adeje,Tijoco Alto,38677,28.1686,-16.7341
Adeje,Los Menores,38677,28.1414,-16.7562
Adeje,Armeñime,38678,28.1299,-16.7555
Adeje,Marazul,38678,28.144,-16.7932
Adeje,Las Cancelas,38678,28.1312,-16.762
Adeje,Callao Salvaje,38678,28.1314,-16.7779
Adeje,El Puertito De Adeje,38678,28.13,-16.7826
Adeje,Fañabe,38679,28.0903,-16.7332
Guía de Isora,Guia De Isora,38680,28.2115,-16.7795
Santiago del Teide,Puerto De Santiago,38683,28.2367,-16.8433
Santiago del Teide,Acantilados De Los Gigantes,38683,28.2367,-16.8433
Santiago del Teide,Tamaimo (Santiago Del Teide),38684,28.294,-16.8162
Guía de Isora,Tejina De Isora,38685,28.2237,-16.7943
Guía de Isora,Cueva Del Polvo,38686,28.2141,-16.8328
Guía de Isora,Alcala,38686,28.202,-16.8278
Guía de Isora,El Varadero,38686,28.2231,-16.8383
Guía de Isora,Piedra Hincada,38687,28.1809,-16.791
Guía de Isora,Aguadulce,38687,28.2237,-16.7943
Guía de Isora,Playa San Juan,38687,28.2237,-16.7943
Guía de Isora,Fonsalia,38687,28.2237,-16.7943
Guía de Isora,Aponte,38687,28.2237,-16.7943
Guía de Isora,Abama,38687,28.2237,-16.7943
Guía de Isora,Pozo, El (Guia De Isora),38688,28.2111,-16.7671
Guía de Isora,Lomo Del Balo (Guia I.),38688,28.2111,-16.7671
Guía de Isora,La Gambueza,38688,28.2111,-16.7671
Guía de Isora,Aripe,38688,28.2165,-16.7669
Guía de Isora,Chiguergue,38688,28.2261,-16.7819
Guía de Isora,Chirche,38688,28.2191,-16.76
Guía de Isora,Acojeja,38688,28.1965,-16.7626
Guía de Isora,El Jaral,38688,28.2037,-16.7557
Guía de Isora,Vera De Erques,38688,28.2111,-16.7671
Guía de Isora,Chio,38689,28.2353,-16.7971
Santiago del Teide,Molledo,38690,28.286,-16.8149
Santiago del Teide,Valle De Arriba,38690,28.3,-16.7833
Santiago del Teide,Retamar, El (Santiago Del Teide),38690,28.2825,-16.7994
Santiago del Teide,Manchas, Las (Santiago Del Teide),38690,28.2825,-16.7994
Santiago del Teide,Arguayo,38690,28.2683,-16.8071
Santiago del Teide,Santiago Del Teide,38690,28.294,-16.8162
Santa Cruz de la Palma,Morro, El (Santa Cruz De La Palma),38700,28.6835,-17.7642
Santa Cruz de la Palma,Santa Cruz De La Palma,38700,28.6835,-17.7642
Breña Alta,Breña Alta,38710,28.65,-17.7833
Breña Baja,San Antonio De Breña,38711,28.65,-17.7667
Breña Baja,La Polvacera,38711,28.6357,-17.7702
Breña Alta,El Socorro,38712,28.6576,-17.7701
Breña Alta,Las Ledas,38712,28.6418,-17.7869
Breña Alta,El Fuerte,38712,28.6621,-17.7642
Breña Alta,Los Cancajos,38712,28.6489,-17.7586
Breña Alta,San Jose De Breña Baja,38712,28.6301,-17.7895
Breña Alta,Montaña La Breña,38712,28.693,-17.7716
Breña Alta,Barranco Del Rio,38713,28.6701,-17.788
Breña Alta,Alamos, Los (Santa Cruz De La Palma),38713,28.6701,-17.788
Breña Alta,Cuesta, La (Breña Alta),38713,28.6701,-17.788
Breña Alta,Las Tierritas,38713,28.6701,-17.788
Breña Alta,Belhoco,38713,28.6701,-17.788
Breña Alta,Nieves, Las (Santa Cruz De La Palma),38713,28.6701,-17.788
Breña Alta,Botazo,38713,28.6688,-17.7957
Breña Alta,Buenavista De Abajo,38713,28.6685,-17.7805
Breña Alta,Buenavista De Arriba,38713,28.675,-17.7881
Puntallana,El Posito,38714,28.6803,-17.7736
Puntallana,Lomo Piñedo,38714,28.6803,-17.7736
Puntallana,Llano Molino,38714,28.6803,-17.7736
Puntallana,Galga, La (Puntallana),38714,28.6803,-17.7736
Puntallana,San Bartolome (Puntallana),38714,28.6803,-17.7736
Puntallana,El Granel,38714,28.6803,-17.7736
Puntallana,Cercado Peñon (Puntallana),38714,28.6803,-17.7736
Puntallana,Lomo Estrecho,38714,28.6803,-17.7736
Puntallana,Lomo El Corcho,38714,28.6803,-17.7736
Puntallana,El Taboco,38715,28.7333,-17.7333
Puntallana,Candelaria (Santa Cruz De La Palma),38715,28.7333,-17.7333
Puntallana,Toscas, Las (Santa Cruz De La Palma),38715,28.7333,-17.7333
Puntallana,Lomadilla,38715,28.7333,-17.7333
Puntallana,Lomo De Los Gomeros,38715,28.7333,-17.7333
Puntallana,Puntallana,38715,28.7333,-17.7333
Puntallana,La Camacha,38715,28.7333,-17.7333
San Andrés y Sauces,San Andres Y Sauces,38720,28.8029,-17.7761
Barlovento,Barlovento,38726,28.8279,-17.8045
Barlovento,Lomo Machin,38726,28.8167,-17.8333
Barlovento,Lomo Machin Alto,38726,28.8219,-17.8186
Barlovento,Las Paredes,38726,28.8281,-17.7999
Barlovento,Gallegos,38727,28.8252,-17.8402
Barlovento,Topaciegas,38727,28.8246,-17.8036
Barlovento,Cabezadas Bajas,38727,28.8246,-17.8036
Barlovento,Lomo De Los Castros,38727,28.8246,-17.8036
Barlovento,Tosca, La (Barlovento),38727,28.8271,-17.8038
Barlovento,Palmita, La (Barlovento),38727,28.8271,-17.8038
Barlovento,Marantes,38727,28.8167,-17.7667
Barlovento,Cuesta, La (Barlovento),38727,28.8271,-17.8038
Barlovento,Lomo Romero,38727,28.8177,-17.7843
Barlovento,Lomo Quinto,38727,28.8082,-17.8034
Barlovento,Oropesa,38727,28.8203,-17.7743
Garafía,Roque Faro,38728,28.8183,-17.8008
San Andrés y Sauces,Verada De Lomadas,38729,28.7951,-17.7758
San Andrés y Sauces,San Andres De La Palma,38729,28.7951,-17.7758
San Andrés y Sauces,Llano Del Pino,38729,28.7951,-17.7758
San Andrés y Sauces,Roque, El (San Andres Y Sauces),38729,28.7951,-17.7758
San Andrés y Sauces,Quinta Zoca,38729,28.8088,-17.7652
San Andrés y Sauces,Bermudez,38729,28.7951,-17.7758
San Andrés y Sauces,Verada De Bajamar,38729,28.7951,-17.7758
San Andrés y Sauces,San Juan (San Andres Y Sauces),38729,28.7951,-17.7758
San Andrés y Sauces,La Fuente Nueva,38729,28.7951,-17.7758
San Andrés y Sauces,Ramirez,38729,28.7951,-17.7758
Villa de Mazo,Mazo,38730,28.6091,-17.778
Villa de Mazo,San Simon,38738,28.5952,-17.7729
Villa de Mazo,Callejones De Abajo,38738,28.5763,-17.7773
Villa de Mazo,Aeropuerto De La Palma,38738,28.5763,-17.7773
Villa de Mazo,Tigalate Abajo,38738,28.5763,-17.7773
Villa de Mazo,Sabina, La (Mazo),38738,28.5763,-17.7773
Villa de Mazo,Monte De Luna,38738,28.5763,-17.7773
Villa de Mazo,Lomo Oscuro,38738,28.5846,-17.7768
Villa de Mazo,Malpaises,38738,28.5667,-17.7667
Villa de Mazo,Tiguerorte,38738,28.5594,-17.7928
Villa de Mazo,Lodero,38739,28.6173,-17.7684
Villa de Mazo,Rosa, La (Mazo),38739,28.6091,-17.778
Villa de Mazo,Monte Pueblo,38739,28.6123,-17.7724
Villa de Mazo,El Poleal,38739,28.6123,-17.7724
Villa de Mazo,Monte Breñas,38739,28.6123,-17.7724
Fuencaliente de la Palma,Fuencaliente,38740,28.4924,-17.8453
Fuencaliente de la Palma,Quemados, Los (Fuencaliente),38749,28.5093,-17.8555
Fuencaliente de la Palma,El Charco,38749,28.5344,-17.8661
Fuencaliente de la Palma,Caletas, Las (Fuencalite),38749,28.5093,-17.8555
Fuencaliente de la Palma,Las Indias,38749,28.5026,-17.86
Paso, El,El Paso,38750,28.6522,-17.88
Paso, El,Tacande De Arriba (El Paso),38758,28.6501,-17.8827
Paso, El,Rosa, La (El Paso),38758,28.6501,-17.8827
Paso, El,Barrial De Enmedio,38758,28.6501,-17.8827
Paso, El,Barrial De Abajo,38758,28.6501,-17.8827
Paso, El,Barrial De Arriba,38758,28.6501,-17.8827
Llanos de Aridane, Los,Paso De Abajo,38759,28.6513,-17.8828
Llanos de Aridane, Los,Manchas De Abajo,38759,28.6513,-17.8828
Llanos de Aridane, Los,El Paraiso,38759,28.6513,-17.8828
Llanos de Aridane, Los,Cuatro Caminos (Llanos),38759,28.6577,-17.883
Llanos de Aridane, Los,San Nicolas (El Paso),38759,28.6501,-17.8827
Llanos de Aridane, Los,Jedey (El Paso),38759,28.6501,-17.8827
Llanos de Aridane, Los,Malpais (El Paso),38759,28.6501,-17.8827
Llanos de Aridane, Los,Tacande Abajo (El Paso),38759,28.6501,-17.8827
Llanos de Aridane, Los,Manchas, Las (El Paso),38759,28.6501,-17.8827
Llanos de Aridane, Los,Llanos De Aridane,38760,28.6585,-17.9182
Llanos de Aridane, Los,Retamar (Los Llanos),38760,28.6585,-17.9182
Llanos de Aridane, Los,Argual,38760,28.6592,-17.9208
Llanos de Aridane, Los,Triana,38767,28.6509,-17.9108
Llanos de Aridane, Los,Rosas, Las (Los Llanos),38767,28.6473,-17.9109
Llanos de Aridane, Los,Hermosilla,38768,28.6345,-17.9114
Llanos de Aridane, Los,Pedregales, Los (Los Llanos De Aridane),38768,28.6345,-17.9114
Llanos de Aridane, Los,Barros, Los (Los Llanos De Aridane),38768,28.6345,-17.9114
Llanos de Aridane, Los,La Condesa,38769,28.6091,-17.9053
Llanos de Aridane, Los,El Pedregal,38769,28.6091,-17.9053
Llanos de Aridane, Los,Casa De La Bombilla,38769,28.6091,-17.9053
Llanos de Aridane, Los,Puerto De Naos,38769,28.5863,-17.9097
Llanos de Aridane, Los,El Remo,38769,28.554,-17.8889
Llanos de Aridane, Los,Dos Pinos,38769,28.6474,-17.8984
Llanos de Aridane, Los,Tajuya,38769,28.6349,-17.8891
Llanos de Aridane, Los,Todoque,38769,28.6182,-17.9014
Tazacorte,Tazacorte,38770,28.6434,-17.9329
Tazacorte,Costa, La (Tazacorte),38779,28.6419,-17.9339
Tazacorte,Marina,38779,28.637,-17.9229
Tazacorte,San Borondon,38779,28.6342,-17.9318
Tazacorte,El Puerto De Tazacorte,38779,28.6381,-17.9329
Tijarafe,Bellido,38780,28.6958,-17.9495
Tijarafe,Tinizara,38780,28.6958,-17.9495
Tijarafe,Aguatavar,38780,28.6958,-17.9495
Tijarafe,El Jesus,38780,28.6958,-17.9495
Tijarafe,Pueblo, El (Tijarafe),38780,28.7,-17.95
Tijarafe,Tijarafe,38780,28.7,-17.95
Tijarafe,Arecida,38780,28.6832,-17.9481
Tijarafe,Punta, La (Tijarafe),38780,28.7,-17.95
Tijarafe,Amagar,38780,28.6701,-17.9332
Garafía,Garafia,38787,28.8167,-17.9333
Garafía,Llano Negro,38788,28.8069,-17.9265
Garafía,Hoya Grande (Garafia),38788,28.7383,-17.9574
Garafía,Las Tricias,38788,28.7818,-17.9645
Garafía,Castillo, El (Garafia),38788,28.7383,-17.9574
Garafía,Cueva Del Agua,38788,28.7383,-17.9574
Tijarafe,Fagundo,38789,28.7689,-17.976
Tijarafe,Roque, El (Puntagorda),38789,28.7689,-17.976
Tijarafe,Pinar, El (Puntagorda),38789,28.7689,-17.976
Tijarafe,Puntagorda,38789,28.7652,-17.9795
San Sebastián de la Gomera,San Sebastian Gomera,38800,28.0916,-17.1133
San Sebastián de la Gomera,San Antonio Y Pilar,38801,28.1086,-17.1583
San Sebastián de la Gomera,Inchereda,38801,28.1167,-17.1167
San Sebastián de la Gomera,El Molinito,38801,28.1058,-17.1293
San Sebastián de la Gomera,El Jorado,38801,28.1134,-17.1581
San Sebastián de la Gomera,La Laja,38801,28.1107,-17.1898
San Sebastián de la Gomera,El Atajo,38801,28.1173,-17.1593
San Sebastián de la Gomera,Lomito Fragoso Y Honduras,38801,28.1,-17.1667
San Sebastián de la Gomera,Chejelipes,38801,28.1086,-17.1583
Alajeró,Santiago, De (Playa),38810,28.0747,-17.226
Alajeró,Tapahuga,38811,28.0885,-17.2108
Alajeró,Vegaipala,38811,28.0885,-17.2108
Alajeró,Barranco De Santiago,38811,28.0885,-17.2108
Alajeró,Ayamosna,38811,28.0885,-17.2108
Alajeró,Tejiade,38811,28.0885,-17.2108
Alajeró,Las Toscas,38811,28.0885,-17.2108
Alajeró,Pastrana,38811,28.0885,-17.2108
Alajeró,Benchijigua,38811,28.0919,-17.2183
Alajeró,Laguna De Santiago,38811,28.0885,-17.2108
Alajeró,Tecina,38811,28.0363,-17.1927
Alajeró,Jerduñe,38811,28.0912,-17.194
Alajeró,Lo Del Gato,38811,28.0823,-17.22
Alajeró,Arguayoda,38812,28.0542,-17.2488
Alajeró,Almacigos,38812,28.0542,-17.2488
Alajeró,Guarimiar,38812,28.0542,-17.2488
Alajeró,Alajero,38812,28.0621,-17.2407
Alajeró,Quise,38812,28.0463,-17.2569
Alajeró,Imada,38812,28.0858,-17.2411
Alajeró,Antoncojo,38813,28.0747,-17.226
Alajeró,Targa,38813,28.0747,-17.226
Hermigua,Callejon De Ordaiz,38820,28.1677,-17.1905
Hermigua,Piedra Romana,38820,28.1709,-17.194
Hermigua,Las Nuevitas,38820,28.1673,-17.1898
Hermigua,Llano Campos,38820,28.1707,-17.1855
Hermigua,El Curato,38820,28.1636,-17.1984
Hermigua,Palmarejo,38820,28.1723,-17.1888
Hermigua,El Tabaibal,38820,28.176,-17.187
Hermigua,Hermigua,38820,28.1677,-17.1905
Hermigua,Ibo Alfaro,38829,28.1677,-17.1905
Hermigua,Monteforte,38829,28.1483,-17.2031
Hermigua,Las Poyatas,38829,28.1553,-17.1947
Hermigua,Corralete,38829,28.1677,-17.1905
Hermigua,Estanquillo,38829,28.1677,-17.1905
Hermigua,Hoyetas,38829,28.1677,-17.1905
Hermigua,Casas, Las (Hermigua),38829,28.1677,-17.1905
Hermigua,Cabezadas, Las (Hermigua),38829,28.1677,-17.1905
Agulo,Lepe,38830,28.1862,-17.186
Agulo,Agulo,38830,28.1886,-17.195
Vallehermoso,Vallehermoso,38840,28.18,-17.2661
Vallehermoso,Los Bellos,38849,28.1696,-17.2736
Vallehermoso,La Quilla,38849,28.1691,-17.2776
Vallehermoso,Los Loros,38849,28.1573,-17.2672
Vallehermoso,Macayo,38849,28.1676,-17.2754
Vallehermoso,Banda De Las Rosas,38849,28.1538,-17.2712
Vallehermoso,Rosa De Las Piedras,38849,28.1538,-17.2712
Vallehermoso,Los Chapines,38849,28.1538,-17.2712
Vallehermoso,Arguamul,38850,28.197,-17.2957
Valle Gran Rey,Tazo,38852,28.1495,-17.33
Valle Gran Rey,Alojera,38852,28.1638,-17.333
Valle Gran Rey,Taguluche,38852,28.1364,-17.335
Valle Gran Rey,Epina,38852,28.1647,-17.3011
Vallehermoso,La Rajita,38860,28.05,-17.2833
Vallehermoso,Igualero,38869,28.0993,-17.2539
Vallehermoso,Erque,38869,28.1003,-17.2528
Vallehermoso,La Dama,38869,28.0547,-17.3008
Vallehermoso,Cercado, El (Vallehermoso),38869,28.0924,-17.2614
Vallehermoso,Pavon,38869,28.0924,-17.2614
Vallehermoso,Temocoda,38869,28.0924,-17.2614
Vallehermoso,Chipude (Vallehermoso),38869,28.0924,-17.2614
Vallehermoso,Erquito,38869,28.0924,-17.2614
Valle Gran Rey,Borbalan,38870,28.0898,-17.3332
Valle Gran Rey,Valle Gran Rey,38870,28.0898,-17.3332
Valle Gran Rey,Vueltas,38870,28.0834,-17.3339
Valle Gran Rey,La Puntilla,38870,28.0884,-17.3388
Valle Gran Rey,La Calera,38870,28.0959,-17.3352
Valle Gran Rey,Los Granados,38879,28.1113,-17.3185
Valle Gran Rey,Chele,38879,28.1088,-17.3185
Valle Gran Rey,El Guro,38879,28.1074,-17.3265
Valle Gran Rey,El Retamal,38879,28.1175,-17.3114
Valle Gran Rey,Casa De La Seda,38879,28.0898,-17.3332
Valle Gran Rey,Lomo Del Moral,38879,28.0898,-17.3332
Valle Gran Rey,Hornillo, El (Valle Gran Rey),38879,28.0898,-17.3332
Valle Gran Rey,Los Descansaderos,38879,28.0898,-17.3332
Valle Gran Rey,Lomo Del Balo (Valle Gran Rey),38879,28.0898,-17.3332
Valle Gran Rey,Vizcaina, La (Valle Gran Rey),38879,28.0898,-17.3332
Agulo,Vega, La (Agulo),38890,28.145,-17.2274
Agulo,Pajar De Bento,38890,28.145,-17.2274
Agulo,Palmita, La (Agulo),38890,28.145,-17.2274
Agulo,Cruz Del Tierno,38890,28.145,-17.2274
Agulo,Serpa,38890,28.145,-17.2274
Agulo,Rosas, Las (Agulo),38890,28.145,-17.2274
Agulo,Los Aceviños,38890,28.145,-17.2274
Vallehermoso,Valle Abajo,38891,28.1382,-17.2879
Vallehermoso,Tamargada,38891,28.1857,-17.2386
Valle Gran Rey,Las Hayas,38892,28.1287,-17.2917
Valle Gran Rey,Acardece,38892,28.1396,-17.3122
Valle Gran Rey,Arure,38892,28.135,-17.319
Valverde,Valverde Del Hierro,38900,27.7614,-17.9722
Valverde,Caleta, De La (Playa),38910,27.8028,-17.8973
Valverde,Tamaduste,38910,27.8249,-17.8958
Valverde,Temijiraque,38910,27.7668,-17.9139
Valverde,Puerto De La Estaca,38910,27.7833,-17.9
Valverde,Aeropuerto De Hierro,38910,27.8028,-17.8973
Frontera,Los Mocanes,38911,27.7608,-18.0045
Frontera,Frontera,38911,27.757,-18.0054
Frontera,Luchon,38911,27.7574,-18.0041
Frontera,Puntas, Las (V. Hierro),38911,27.7574,-18.0041
Frontera,Sabinosa,38912,27.7474,-18.0969
Frontera,Tigaday,38913,27.7513,-18.0208
El Pinar de El Hierro,Las Casas,38914,27.7133,-17.9759
El Pinar de El Hierro,Taibique,38914,27.7045,-17.98
El Pinar de El Hierro,Pinar, El (V. Hierro),38914,27.7091,-17.9785
Valverde,Isora,38915,27.7504,-17.9476
Valverde,Tiñor,38915,27.7891,-17.932
Valverde,San Andres (V. Hierro),38915,27.7678,-17.9397
Valverde,Mocanal,38916,27.8202,-17.9426
Valverde,Erese,38916,27.8125,-17.9631
Valverde,Guarazoca,38916,27.8093,-17.9733
El Pinar de El Hierro,La Restinga,38917,27.6417,-17.9812
